7323	170
189	7022
9333	7808
6674	3297
5874	9275
1519	603
9149	6233
1460	3599
3616	3342
2388	4901
5879	1850
4713	5922
2317	1149
6269	448
4496	4556
9291	7808
990	289
8071	8402
4013	3508
8278	8059
8653	9240
540	646
4536	3438
7088	5263
1601	1575
765	8733
8330	7808
1862	7808
8071	6851
4084	9067
188	4629
7088	4373
9097	5594
4376	3438
2423	455
3639	3616
7489	8377
633	8260
7802	2012
6005	2495
289	6827
5316	5855
7575	1439
9149	4668
9068	1196
188	1214
494	5697
9291	8328
9177	3831
7737	1196
5316	8291
971	8093
1192	8241
3644	7927
3508	9068
540	5263
7808	9739
502	6233
7506	7526
1519	1850
4071	2926
1224	5003
638	8142
6615	530
9098	8071
2207	5593
7088	9921
540	3523
530	6285
5003	9068
3342	8544
250	2810
8260	3764
1196	9335
4668	5922
2113	646
4376	1319
3198	3950
5594	8142
530	7489
7021	4968
8328	8328
1066	6333
3438	8649
1690	6269
6199	982
1692	8093
8327	8417
986	8260
4515	5263
7816	4983
2498	3616
736	7808
512	1213
4450	5594
4644	5920
633	236
2920	2777
530	6255
7979	9160
530	185
3911	9603
9855	4542
8482	2388
1319	4013
5879	289
8377	1066
3616	3383
448	1293
3599	185
730	4450
2326	6233
8142	8260
7011	7220
228	7808
6250	4450
9068	7808
2023	1692
4373	8093
2012	502
4043	3595
6233	8482
3764	2926
188	2388
4496	3243
7084	189
2926	189
3508	8093
4239	9068
439	1224
3616	1069
6561	8093
7021	2388
3523	2056
9177	4208
2326	8544
5292	5292
4217	6674
3616	7489
7489	8328
8093	5922
3523	2590
188	986
60	7104
8251	2023
9149	4208
512	7808
2340	7808
1532	8260
8062	982
7808	8482
1229	982
1532	5263
2166	4515
5504	4542
646	8328
9149	5190
577	1692
5190	5922
439	6233
971	7808
2810	7088
4322	2234
4450	7737
4450	3764
688	4450
299	1519
8330	8327
971	7088
986	982
3311	289
3911	2023
6236	1514
5263	2113
1190	4556
646	5314
7014	2166
5471	6422
5200	8482
3508	7489
2113	5263
3197	9067
1519	7802
1855	502
5879	4515
7682	9739
7737	2030
3816	8544
4664	6199
5471	4376
2156	185
5003	4629
3642	3438
8327	5594
9149	5922
642	7496
1213	7489
6615	455
7496	6901
5316	5190
1165	9068
4239	8091
3761	1680
494	8260
7097	2590
3149	6233
633	6333
2810	8417
7489	8093
3640	1535
1933	1519
9454	5959
9240	986
2150	1224
3595	4968
9109	8260
7808	312
6920	4414
638	3297
3523	8260
2810	9109
6233	5504
1102	1102
3508	7808
4013	982
6333	7979
2584	8689
990	439
9109	6233
577	8093
5873	7806
3642	7929
1150	7808
6233	8260
4239	185
2113	6233
9109	4496
7808	9109
4515	8130
7977	9068
8070	3311
5326	6920
9446	8071
4968	7808
4629	7979
9240	189
5920	4248
1519	1809
4208	5314
9109	8142
479	5962
188	8260
3542	3523
3595	8071
4903	7088
188	736
2810	9603
3206	642
5263	7489
9109	5879
15	4515
4515	4629
982	9177
6333	8093
4450	5920
4968	1532
5808	982
6005	5922
6901	7022
502	540
5263	8377
2354	8328
1460	7808
4542	5314
9603	3438
7097	2012
8361	9720
5620	4515
4515	7104
2570	7838
6917	530
9278	5922
4715	4968
2166	2495
4901	2388
2013	1224
3599	5879
2493	1224
8260	986
6055	5263
7606	185
6255	530
6250	7808
1387	8260
2495	4373
5003	4542
8544	6233
982	3362
4373	7088
4771	530
5594	4450
1532	3599
3599	4496
707	2030
8260	2796
188	4450
236	8130
1782	3595
5314	4542
4536	9109
5190	7808
226	6333
8065	6233
4276	1156
1519	6742
730	4542
1190	9068
4515	4450
4122	3599
9068	4968
5714	7084
2597	1732
3764	9603
189	8291
512	8291
7076	8291
6233	736
188	1556
8417	3599
3642	3508
3642	3911
1532	7883
733	7808
2234	7808
4450	9109
736	1213
228	8255
9855	8260
6901	1214
3599	8417
6333	7808
188	1519
8142	1933
4071	5922
7808	8093
4450	8417
6816	6816
8071	2926
1074	1073
7845	604
2250	8733
982	982
2651	8377
1426	4664
2388	3642
3642	3166
986	1193
6233	8328
4664	6233
9149	2012
3342	2796
8666	5263
1426	141
638	8328
3616	2920
1387	646
3075	2396
730	8328
1782	9177
7104	3556
7600	15
9068	8482
5314	4629
3616	5857
8649	3438
226	2388
1193	7088
60	1519
188	1680
4542	2127
3197	6666
9708	9708
4629	5314
5926	8093
3355	9027
6506	2590
3642	986
6333	526
5032	2012
2140	289
1460	5593
530	3640
9068	8260
736	6233
1836	5617
9855	8328
7088	646
986	6233
3533	3198
4629	8260
4450	730
3942	2296
5147	9109
1864	8694
1532	7104
7022	6901
1224	8689
4644	4239
1855	5922
4515	547
4442	4442
530	8633
4645	1224
8653	3342
8482	7808
5401	1519
5922	7808
9149	8241
3761	7808
7350	4807
4968	8377
8328	4373
1556	7496
7097	3311
170	4450
3556	3599
1138	5169
3438	5714
9603	7929
1680	9068
6233	8544
4515	1066
4376	189
5317	2495
4577	1225
6233	8377
8482	9603
8935	1196
2156	1224
5314	1190
7084	2030
4071	6827
6599	4247
880	955
8142	1556
15	982
4556	7104
6851	8071
9109	3311
6333	1214
9278	4247
1281	530
448	1519
9177	8260
4664	1680
5200	6233
5471	7808
2494	1196
9603	1213
6742	1519
4014	8260
884	928
4954	455
3595	1532
736	4629
4515	1224
5808	4450
9149	4901
971	9177
2084	448
4373	2495
7097	5190
7022	6233
4247	8255
7489	189
8093	7808
3243	4373
3616	9020
4515	8241
5920	5003
1138	9336
5594	189
6604	1896
1933	9603
564	6827
642	8482
6269	4247
733	1066
7940	6506
9446	4858
9278	3764
6875	3297
2810	3595
8482	6333
9974	2030
188	512
7698	6666
5316	8255
2926	7929
6269	6233
226	7808
9855	4013
8377	736
5594	2113
2493	15
9454	3616
5231	5922
6005	8377
1783	8479
188	8071
530	3383
733	2522
4536	8260
4542	4968
3616	4578
4629	5279
189	1680
9454	1224
9149	4247
6233	2113
3438	7021
3846	2023
6506	6827
5895	6333
7476	3311
8047	6257
188	2495
8260	3599
60	1224
633	2056
4520	4520
7600	7808
5200	7808
9177	2814
8260	982
4664	2023
5190	7489
4373	1532
2926	7022
7471	5593
3449	6128
7489	3508
9278	3450
6233	3268
3362	982
3243	6333
2388	6233
7022	1165
5714	1607
188	1933
1532	7489
4968	15
540	1213
2522	1607
4247	5593
1214	8544
5185	2388
7808	736
5879	6250
476	6422
5147	4450
2698	6250
7097	5922
8291	7808
2823	2023
1855	2495
4536	6901
1156	6233
2056	4983
8327	6233
642	2030
6827	1035
9785	8071
8071	645
5231	5471
3642	5594
986	5922
6827	2777
1519	3523
6875	8093
3542	7489
1283	2810
1855	8093
6199	3149
3197	5905
491	4373
260	2011
1196	6827
4542	7088
7808	4629
2651	642
3438	982
2388	646
4276	7808
4556	6233
4276	3764
4376	7808
6674	8733
8544	1214
2651	1387
6233	3713
736	8328
1514	6236
5857	1224
4771	982
9149	9067
4829	4376
3542	4515
268	3297
1855	4664
4968	9855
638	5123
2234	5003
642	3438
5714	289
1680	1066
228	8689
8260	8093
5314	3438
4713	9366
7927	2664
4276	4376
707	3311
1070	2522
2651	7022
2497	1196
6333	2396
6061	3764
8108	1682
6233	3311
3616	5905
8071	6666
3737	982
530	9067
7014	2590
9974	4515
1066	4239
3438	3642
2926	7352
4013	4496
15	3599
9855	5263
1211	2388
1211	6269
2522	4373
7084	2495
4536	9603
188	8544
4644	3311
4536	4556
8142	7808
1066	8291
5200	8260
9149	1196
4858	642
5263	8417
1190	4629
9128	2023
5003	3599
6747	9068
5594	8327
5317	7808
4013	1387
5317	5922
7808	8417
8653	8071
9109	8328
633	4629
4590	4607
1519	3832
5879	5263
402	8260
4536	7489
1214	8142
15	2495
29	8260
4901	646
659	3764
2777	2920
2424	1224
603	1519
971	5920
659	7808
9566	8328
2498	530
7471	3508
2023	7095
2388	3438
1862	7737
2451	9454
5263	8544
6333	8328
7929	5314
2651	8260
9446	3523
8255	3663
8327	4542
2475	3311
228	5920
3642	8260
3599	8328
642	2113
1607	2475
986	8071
6827	8130
9573	4983
6109	3792
1190	4515
6199	6376
1556	1387
8071	8327
6269	8377
5857	8291
6199	2023
3761	3438
6233	1933
4515	1575
6666	3311
9109	2388
7992	6666
4450	4208
15	4968
9603	7352
638	5263
6233	4664
4542	5504
7409	2825
1519	3544
3508	3663
3243	8328
2147	3197
6199	6188
7496	8142
3681	8689
4450	6250
3438	8251
8328	736
1737	2012
188	9603
9149	1213
7808	1532
6005	3599
2495	289
5714	3438
1211	4629
2013	6506
984	189
7496	7352
4643	1519
736	5263
2032	1387
5319	8291
3438	1319
4450	3599
1466	2695
7929	4239
530	990
1532	8417
6233	8142
1211	4450
8142	1387
8382	8382
1196	439
2084	2388
479	2023
3311	3616
8327	8689
5000	5504
439	9603
7086	3243
5594	7489
5263	3243
15	2296
4629	1190
1214	7979
226	9068
1196	2493
1190	3595
8327	7808
4013	7489
3523	5922
7802	2522
7883	6333
9020	9454
7600	8071
3761	3268
730	2113
3198	6363
5594	312
8641	544
8653	5032
5857	4983
6917	8255
2497	3599
8377	185
8260	2113
2590	7014
1224	4556
2140	3297
736	9068
4685	7927
4247	7084
9588	9588
3311	9739
9109	2030
2651	5314
9160	2023
1850	7088
4084	2493
3832	1519
5879	3523
6233	6299
3542	502
3438	1214
7979	7022
3311	2056
9068	6561
4968	6233
4771	1224
4556	5962
3599	7088
3616	6666
512	3831
4013	2023
4771	4217
564	1862
4071	646
4071	3642
3599	7808
3508	2023
133	455
7104	8260
9446	2493
7892	7802
9070	5905
4376	6333
5594	2388
448	1850
9320	982
4685	5962
3197	2147
633	5594
4713	7912
4014	185
2495	7808
4579	3595
2596	2495
7554	2388
3616	1460
7634	1066
7808	4373
1213	3599
982	8260
188	9855
7095	3523
7088	3599
5291	2326
2354	5003
6233	3438
9855	4629
4379	7808
2113	1213
4496	1138
3157	4322
68	2023
638	5032
5278	5263
9067	5032
8330	3616
8142	7489
1970	5879
8544	170
5275	5274
3642	9109
7808	3438
9974	8291
512	9603
4376	4829
4943	7929
3599	8482
9291	2012
8327	1575
4965	4966
1190	4239
773	4239
4986	5401
5920	4450
4970	8071
1532	4373
5057	8093
6233	7808
5594	9068
5147	4542
6674	9454
1933	2810
4556	185
9603	4376
8666	312
8070	8260
7352	2388
2810	8093
5263	6901
5857	6506
2494	8291
4515	2011
7484	2296
8328	1196
8059	8278
9149	2590
3556	8260
5714	6233
7308	6269
8482	9739
7496	6233
8260	642
5857	5326
2497	5922
3523	8733
2796	1680
7489	8071
4496	2920
2495	185
8327	1519
5155	7808
733	8328
5905	4515
7489	3599
544	2030
3438	7352
3523	1035
5697	6333
5314	2920
3831	5879
765	1213
8142	5594
7927	982
2651	8544
6055	5123
638	9067
1532	2920
2498	1682
2056	502
512	2495
5316	7471
1066	4556
9446	3461
4685	1224
8251	7088
2431	3297
2926	7489
8260	5314
2388	7496
3449	4496
4084	5962
2651	2388
1047	982
5840	455
3297	4556
2266	1224
1214	7808
5314	4208
2597	1196
503	8328
1850	1815
9974	185
6827	5003
712	3599
9067	3297
3642	2388
3438	4376
986	3819
6223	5279
8328	1224
188	4239
3616	5123
2023	8251
530	7156
7022	2388
3599	2522
5263	1224
4873	9132
3396	8093
1862	5263
1214	2796
1532	8377
1970	9855
3911	6233
6333	5604
9446	3642
765	4247
9454	6674
228	1544
476	3438
5032	6233
502	1196
4858	8689
6522	1387
312	8260
8636	3438
6333	7489
1196	5326
3311	7892
226	7088
2651	6233
4515	3599
8093	1213
6233	1519
3595	8482
4968	502
9177	5119
185	2056
9865	9067
6269	9855
3197	2495
1192	1191
5408	8260
4014	9068
1224	3599
3197	4515
5190	4373
6734	778
7088	8328
8988	530
4450	646
633	1196
2084	4629
8241	8291
9109	7929
2388	4071
984	8328
4629	7816
8093	2590
7808	8260
8070	8291
646	736
4516	3523
6188	6199
5922	7352
5962	3663
1214	3508
9068	4014
4983	2056
1066	5279
4556	9109
2012	5922
9603	3764
7927	3335
1196	8328
8327	3599
188	8142
2926	6233
8071	9739
2207	8260
4713	512
6422	3342
5414	5414
188	7022
2495	1196
638	2168
185	185
4496	5003
736	3595
1190	7979
5003	7489
4193	7808
471	7347
7979	1214
4813	3297
2424	5003
5314	4450
4968	3523
8328	5879
8142	1214
289	1196
7022	6333
9317	9317
2388	2234
8130	7808
6233	4013
3149	3523
4148	2045
6233	3761
3449	236
982	3438
9446	6233
6376	5
7219	6233
7808	5922
3297	6827
9109	4450
3911	7808
3272	9603
3311	502
6233	9603
6233	4239
1519	5219
2388	1387
530	604
5511	5511
5857	289
6827	46
2156	3297
3713	3713
9855	6233
8328	4515
8377	9855
8142	1190
5905	479
3616	2045
3616	9454
3616	6506
1190	189
2388	189
984	6233
7088	7378
5048	1224
8062	7808
1066	736
646	2388
1933	8142
5200	2926
6061	8260
5314	189
8260	1066
540	8260
3090	185
5003	8377
7088	2113
4515	4782
1196	2597
9149	9603
2012	6333
188	1904
4515	455
2056	5003
188	6233
3831	512
2651	6901
9446	2023
6020	1267
188	9109
1213	8093
633	185
8260	8071
2926	8071
2388	2084
4239	1532
4668	2495
4450	8260
3197	1224
646	8544
8666	5314
5317	2030
2825	7409
3616	289
3616	9980
4713	4542
1165	7022
8142	642
8653	3438
15	4208
2023	2810
9739	4542
707	448
4248	7808
3449	4217
4496	3599
638	3243
730	8071
671	479
3830	4542
170	3243
9454	6666
9865	289
4239	7929
9149	540
9835	8327
8649	2388
6852	6852
6233	9855
188	4644
4013	1224
1084	3523
3438	1387
8093	1196
4013	6422
2113	730
115	7084
8049	8059
5279	7489
448	2084
712	1519
5123	1066
6213	8093
2113	5594
226	7104
7801	4239
188	4373
982	5003
9454	3832
1904	2777
5263	9855
7728	2388
3675	2023
530	4771
9097	8260
1933	7808
9177	3523
2494	9020
4247	189
3542	1196
6233	2920
2084	7808
2056	8328
4496	4629
3198	3533
1670	4968
6759	2023
5263	5190
3595	5263
3508	1519
6355	4556
188	479
3438	189
8377	4515
2866	3311
6333	2495
3438	9109
7183	530
8377	540
9855	2012
1213	9603
4452	4379
7352	8260
7929	3642
8421	4542
2326	7808
8650	2926
2012	8377
2234	4322
1224	1680
5279	1066
512	1066
3449	8241
3268	1556
4542	8421
5314	2796
3642	982
3523	6269
5147	5000
5147	3523
6055	3764
633	9067
3642	2030
6055	8291
2296	7489
2084	6233
6199	986
7802	1519
6250	2698
476	8544
5879	5879
6005	540
4720	4720
3198	439
3616	1213
1928	4629
1680	4450
15	8093
5874	6827
541	541
4247	2590
9067	6233
2023	5263
7378	7088
1120	2920
530	2030
3556	4373
5147	642
7021	6233
4376	8377
5920	7088
512	8093
4148	3713
2590	5317
2651	1066
8879	1007
633	5922
1213	2113
3311	6666
6506	7104
2396	7892
4515	7088
9855	6269
1519	528
6067	6067
1670	9603
5314	5263
8330	6333
7890	7088
4452	7808
4247	8059
5594	3764
6233	5471
6422	982
6522	6333
1224	7489
6269	1196
7443	445
236	2012
4968	1196
2497	8377
8260	9068
3599	6422
5920	9739
6262	6262
5959	3616
9289	9284
4454	5100
3449	5032
3268	2926
7808	1214
228	439
4556	6827
8402	8260
1670	5003
5279	1224
4013	3764
7088	8251
791	439
2207	4968
448	479
7489	7104
4496	8260
4968	2388
6900	6900
1190	3764
5123	7104
4590	4592
2388	7489
7927	502
8142	9109
2494	8733
4685	6506
5594	8482
1319	3438
2651	3764
4376	9068
5263	4373
8142	1532
986	7808
528	7088
982	8142
528	1519
8920	8255
448	8251
60	7808
6018	7489
6506	2495
6827	4071
4983	8260
8241	3508
2810	6233
633	982
8653	9109
7979	4629
2023	3830
4515	8093
986	8267
439	5032
1214	1680
642	6233
9027	3648
7808	5594
502	736
8071	4373
982	3523
6233	2495
2113	8260
530	8065
2933	5263
5857	2495
189	3438
2266	1519
2920	4239
6920	8260
3542	15
6355	7496
2522	5962
7816	189
4664	5003
4013	9855
5190	1196
3556	7808
5471	2584
4376	9603
2207	7808
6269	7088
4536	8327
642	6901
1190	1213
7808	2388
2495	2030
6269	540
3616	3639
8327	8260
5471	986
5697	494
269	1904
8330	3243
3438	3761
2651	8328
6666	7808
2168	8291
8421	6233
6073	3983
5879	4496
3761	6233
15	2012
2012	7808
1224	9068
4248	8260
4579	7088
530	648
1196	9068
7017	1086
5907	5913
6917	3508
4536	5263
6333	5190
6233	7021
3911	3828
2045	6233
226	5263
226	8482
6522	8260
2651	4542
8653	4913
8689	2584
6233	1156
4014	8328
2354	5263
1387	8254
6506	439
2056	3297
9068	540
4452	6333
476	3342
5316	4983
8291	189
2056	185
7084	5922
2452	2023
2388	1556
8649	5922
1855	4629
7808	2012
6233	6901
6233	5922
7979	1190
3523	8377
2084	7088
8251	6233
1387	8417
448	6233
2814	3911
5200	4968
3616	2522
8827	577
3642	6233
6827	7927
8653	5263
7489	5190
3669	3663
8653	2584
3090	8260
5263	7808
5594	4629
428	7892
3342	4450
5263	6233
398	4629
7352	3438
2445	3616
3616	3748
7219	7808
1933	8544
9603	6233
8062	3599
8327	4450
530	3297
7476	3297
228	2023
5279	1532
188	502
5200	1066
7104	7808
9020	2056
4644	9739
7022	646
8142	982
530	427
4247	5922
4247	6048
273	2012
9149	2495
1190	2475
9278	189
6233	2388
8327	4968
2587	7088
8666	4968
2814	476
1387	8544
9446	4795
8327	8328
6233	439
3599	289
550	5593
564	3297
5879	8328
2457	7808
1862	7084
8091	4239
6747	1066
982	6233
3599	8142
2084	5922
3737	1680
502	2056
4629	3523
971	5263
9068	4239
2030	1556
9240	7352
3616	5864
7350	1575
530	9580
269	289
2495	8291
4084	7100
6757	3523
5879	7929
5263	1213
3311	2866
2156	8291
9149	2933
8649	7808
8377	646
646	2113
6005	5263
6055	8130
633	7979
9068	2012
9149	8328
564	289
15	4556
6055	7979
2813	2810
778	7808
236	5962
9097	3599
6520	455
2388	1214
502	1213
642	2926
9855	4664
476	3764
4450	249
2121	2113
2810	8328
2522	5003
6128	2920
15	502
9109	1213
1387	2388
6747	5922
564	4515
4379	3556
502	8328
2823	5000
7489	1519
8417	8328
8093	8260
1319	8327
6233	2796
6233	7816
6422	2813
4542	1066
646	5263
4515	8291
7816	7489
188	7816
9177	1224
633	5317
8544	6355
7808	3595
3616	5003
5200	312
7489	1224
4373	1066
188	9739
6233	2023
5032	9068
4556	1607
6333	1225
6901	5263
5314	7929
188	4208
1732	289
9239	8071
7808	7489
530	5003
4450	7088
5278	1066
1214	6901
6233	8251
8093	8328
236	2030
2597	6742
6678	7088
1904	5922
4536	9068
564	7576
7471	530
7496	1556
1970	6920
4496	9855
638	4515
8328	6333
986	2796
2494	439
9149	8059
15	544
7883	1532
3556	1066
8070	7892
7805	7808
3438	8544
6233	8071
9149	646
4968	9739
5147	3438
5317	4986
1066	1460
4452	8482
8260	4629
7021	3438
5263	4664
2326	2475
646	189
3198	3616
986	7088
5263	9068
1556	189
4450	7022
7084	8291
3642	4901
3438	1556
7489	646
564	8130
188	3595
1933	6233
7022	1556
8093	2810
3297	3523
5808	8327
6422	27
1190	7022
638	4378
9068	502
1519	986
9149	6827
6333	7883
188	2810
5032	9603
5032	5504
3764	7979
2388	7021
6422	2810
6875	8328
9067	7808
188	7737
2920	4450
8377	7808
3342	982
2933	7808
5314	8260
990	4247
4515	1213
188	2030
4373	491
5842	7088
7634	2522
4239	3383
3764	1556
3525	9467
4373	9068
986	3764
9020	5922
3779	3616
2926	8260
6233	7352
5263	3595
1373	1066
188	8327
6522	4373
8142	4013
5314	6422
185	8377
4943	1214
1387	1190
4713	5879
4014	2475
502	8260
7489	5594
502	6666
4013	8260
8417	3830
8260	7022
237	3548
3663	8733
969	8251
4515	9317
5200	6333
3642	8142
1868	4813
2810	982
4542	9739
6128	3297
8417	9177
6233	1850
5879	9109
6055	2023
3311	6827
1214	2388
2326	9855
4247	6421
2012	8328
512	5922
6333	4373
7489	502
1150	8260
5032	439
3508	6901
1970	1224
8544	2326
5263	1532
4629	8093
4515	646
3197	544
9665	982
1680	189
8327	1224
6522	7808
5000	3438
3197	185
5003	4239
2964	7088
5200	9068
3523	289
6188	530
2664	4983
3616	9566
7076	7892
9454	5279
5572	9067
4450	3342
4556	4239
7352	2926
5147	6233
2207	2495
7808	2926
6901	6333
4515	5905
1556	642
3831	3599
46	502
971	4556
312	6233
9941	3663
530	284
6333	5922
68	8093
6233	982
5314	7088
530	4644
633	3508
5353	7088
5190	445
7220	7011
1213	8260
1850	1519
1809	1519
2734	1680
8251	8112
3149	2354
1928	4342
638	1066
3713	6233
4515	5594
6299	2813
5594	8260
1727	5263
2207	4247
5857	8260
504	289
5278	7808
2493	5922
9446	1556
8653	4013
3421	4629
7802	7892
7489	7808
7021	6901
2814	6233
8260	8142
2493	7084
6537	4239
8482	8260
7489	439
8328	6276
6233	2326
15	8328
8260	6901
7808	8544
2813	982
476	2814
2587	646
2388	1933
4239	4515
1196	8935
2495	2920
530	1229
7088	6233
7088	7095
9068	736
9278	6233
502	5314
7806	8291
7802	8260
1855	512
2596	289
3544	9454
4515	8260
2084	3599
3197	1213
7816	3737
4013	2584
3149	189
228	3166
5319	8130
7088	2084
7979	1680
8229	7088
564	1196
1190	3438
7808	189
1224	736
4515	4556
1607	4556
212	8260
188	4968
646	3438
2823	7088
6615	1066
3792	1293
1532	9068
8653	982
7076	5279
4247	765
2388	986
7337	1519
773	3297
8328	646
3117	3243
3807	4247
5697	1519
530	8327
1744	4602
5200	1607
2920	6233
9149	5263
4986	8260
4542	9855
5928	3454
4013	8328
3542	2495
2339	189
5879	9177
7983	4715
1211	3599
6233	1190
8065	1213
5147	4515
1415	9785
1607	5594
2522	5879
2184	6072
5594	7808
9980	3616
530	7076
986	8689
6443	8291
530	3993
2590	6506
5504	8071
6827	289
185	3599
7022	642
8031	4247
2810	8251
189	2926
6299	8093
170	7323
337	6233
185	2495
7808	8142
502	982
1196	8093
9097	8093
6333	1196
5879	8093
4515	5314
2495	15
8653	1519
3983	6073
3542	6490
971	6333
5067	728
7352	8071
3764	7022
5321	2012
1680	3764
971	3438
512	8260
1196	4013
5200	2023
8544	3599
3342	9067
5003	982
8377	7088
5123	1607
9285	9282
2023	3675
2079	8417
530	3243
2596	8093
6233	312
1933	6666
60	1575
2651	1680
3523	3297
6747	7808
8497	8071
3737	8417
6005	3523
1066	4542
5879	5471
3663	5962
3197	8255
3197	1149
5	982
1196	4247
4071	8260
1152	4515
6506	2493
4668	455
5147	8093
3737	4014
6443	2495
4376	5003
1603	3663
3342	4629
9446	530
9855	8093
9335	9337
7979	4342
9068	312
530	7224
4013	646
6875	189
5200	8093
3616	9317
3616	6188
9149	5855
5314	2388
6506	289
9446	15
1196	7737
9068	6269
5123	8260
3113	1149
4479	5286
638	6827
8377	5263
2796	5314
6920	990
1213	7808
3197	982
507	3192
7489	4496
3197	2030
7979	4013
1670	2495
3790	9068
6005	8130
6233	2084
7088	7620
8328	6233
3556	1556
15	565
540	3599
9278	7808
1214	6333
236	9941
990	2920
3737	3599
7892	8070
1532	2113
7929	9705
448	2023
7489	1196
9573	289
9775	479
3157	4071
2590	5857
2012	5263
971	2388
1949	455
7979	1165
4239	7489
4013	2813
4376	1214
9149	2493
512	4968
8255	1224
3523	1066
4590	4586
5147	1332
5879	3311
1782	6333
8653	6233
5314	8417
4239	236
642	1556
1196	6333
1794	3149
4668	1213
9855	1224
8328	8093
2497	185
1190	8328
1532	4968
9278	8071
2810	5263
269	8733
7171	9580
707	7104
1165	7808
4013	4556
1066	8482
3616	7737
8251	8093
2113	4515
1928	1213
2793	982
4013	6233
7737	9855
8402	8071
6561	9068
7022	767
8328	9855
5190	8328
4771	9020
312	7489
2113	1532
8377	7489
9454	1519
4515	9454
3438	5263
1575	8327
7992	7088
3449	7808
8328	312
2590	3523
2651	2926
4713	5263
185	7808
3721	4793
9337	9335
5190	8255
4685	8260
6199	312
2664	7927
4750	4752
3771	7737
1680	5263
6048	7807
2388	439
502	4014
7927	5593
1196	189
15	8255
4239	7801
188	3508
9068	3764
3642	2926
3523	1196
8328	3523
730	2023
3595	736
3383	1066
3616	4515
5879	502
9177	9068
185	9068
3438	6233
5200	3599
6920	5326
3449	9603
1214	3438
8694	1864
448	9177
4013	189
4536	2113
3599	3523
7807	6048
7808	8327
5317	2590
8237	3197
228	189
8071	1066
4556	4496
5314	730
7352	8689
1214	8260
8260	8482
3523	982
312	7808
7600	2023
5000	6233
6059	5940
8251	2810
8649	5119
712	4515
8327	9068
633	6233
476	1165
4014	502
736	4239
6875	289
6333	3599
3198	4556
448	3438
8327	8071
6233	1387
4247	2495
8544	1387
9335	1196
8062	2023
7352	9603
7682	7808
1066	1532
3616	3198
8241	3297
2747	3599
530	91
2920	4556
8142	6333
6146	6150
3644	1519
7053	982
540	4968
1319	4376
3523	7808
8260	7352
4071	6233
3508	8260
1138	4496
479	6355
971	3311
7471	5857
9020	3639
188	4556
4379	4452
1670	9109
5504	5000
170	9921
6422	7088
6747	3599
1933	2388
1066	7088
1387	3508
5123	8291
540	6944
8260	6333
971	3297
2493	8920
2522	7802
3737	4629
9149	7808
1670	4629
971	8260
1680	8260
4788	3523
2472	3616
5200	646
7929	9109
8845	5109
3616	8482
413	7979
530	5321
445	3297
2056	8260
5200	9128
7021	8142
642	5594
185	4239
6747	1196
9603	4373
8071	5604
530	1039
8241	4556
6561	5920
1224	2023
8653	8251
3157	5594
4968	3599
7496	8260
6333	1680
7808	642
439	8328
2250	502
3642	2023
707	5279
1214	6233
638	3508
9446	7808
8142	476
7021	4858
6216	6216
1670	1066
4013	5594
4013	1214
9240	8093
4496	7489
7979	4208
6269	9068
2495	6233
1670	5314
1460	4556
6333	8142
8059	4813
1519	8649
7883	8260
6005	1460
3713	41
7927	8255
1190	8093
1196	5190
8260	1680
4190	7808
990	530
1224	7808
2207	1460
3830	2023
6005	1066
7808	6233
8328	2012
7808	4376
4536	8377
8251	982
1196	8130
9454	3297
9739	5314
4542	8327
5263	4968
646	7352
4013	3599
5920	4644
3449	3342
185	4556
2796	6233
7892	428
188	5922
9020	46
4968	3595
4013	4376
982	502
2113	6333
2777	185
982	5263
3342	7088
512	5263
3911	4071
1190	4361
4276	9177
986	8251
575	1224
3342	4208
188	7845
3438	476
8544	3438
4373	8377
9855	9109
91	530
4536	8417
5593	1460
189	189
2605	1066
188	646
1904	2495
6875	9109
3599	1680
1782	3268
8243	6588
2926	7496
5200	7489
6599	4556
9128	1864
3616	9067
2388	7554
299	2023
969	3523
188	8328
9177	289
3599	1224
8330	502
5857	8255
2056	3311
516	982
5032	4515
3149	2810
2813	8251
4239	1066
4542	1387
5857	7806
5905	9070
6875	5314
3911	8649
6422	8093
5032	6333
9149	427
1519	8327
982	544
986	2964
4515	1196
6674	1086
990	3599
6422	476
3599	8093
3890	3890
5873	1149
990	3663
4373	8260
5263	502
8142	7022
2475	8733
5857	7471
6233	5003
4515	6233
971	9068
4515	3297
2494	289
3438	3877
7489	6901
4013	3342
4644	2127
2388	8649
633	8142
9149	5879
9360	4793
8070	7808
5314	2926
984	8544
8417	2023
9177	6233
3342	3764
2495	2113
8327	312
4247	1460
4644	5003
7104	9855
8260	9603
6233	642
476	5263
638	8291
8071	3595
564	9580
105	8071
502	3599
3602	3523
720	530
5263	540
4248	8733
4771	6188
9222	1066
502	5714
502	3523
502	3311
638	8544
971	289
712	455
1519	6294
5326	8260
4536	3342
3616	1086
5314	9739
1281	8291
6233	6356
5032	3297
6233	4968
5119	9177
1005	1005
1855	4983
4247	7808
4450	6333
5808	9603
1026	2926
5048	4645
3035	2926
2796	4450
3616	4556
8689	8071
8482	5003
9177	5879
5879	3599
7021	3764
4536	8291
5314	502
105	4373
5842	8689
5920	2023
6506	8291
8260	5922
228	1190
7554	3438
4014	7489
8327	9603
8246	4496
1519	544
6233	4450
5633	1066
5594	3438
5279	6223
4013	5032
540	1196
8653	4208
1519	4643
1267	6020
530	3508
3599	8327
7612	3599
7076	6920
1695	7806
2493	8093
8130	1196
4014	3523
730	9677
1727	8093
4515	7489
5808	8377
4664	1196
8142	6233
6875	6233
1855	189
2926	3642
4276	8810
2084	8328
3197	8291
5263	982
6747	8260
228	8260
502	2012
445	7104
1532	3556
2587	986
4658	6637
3599	3342
5879	6233
479	5905
1556	2388
1387	2926
1225	3272
9149	3663
8482	5263
3311	5879
2497	1213
6233	8566
6333	3595
188	5593
5714	7808
3642	8251
4542	5003
7802	8093
1387	4376
971	5000
1213	5263
2424	2056
189	4247
512	4373
5920	3599
7088	1519
1196	502
9452	2023
7088	1850
5316	8093
7496	3438
2326	5291
2234	2388
9446	6355
2493	2590
1319	3157
6199	1035
1066	7808
7979	3764
60	2023
5003	2023
7075	5594
1387	982
2056	3523
1680	2796
2926	4071
767	7022
5316	289
9109	9603
7022	3508
5147	7489
1519	3644
6742	9640
3547	7808
2113	2121
2030	2926
8377	2354
4542	2522
9068	5922
8260	5594
2386	990
2242	4791
1670	3599
9068	3595
284	530
2211	8093
1896	6604
7979	413
8142	6901
2796	3342
5842	2584
4247	8093
4013	1196
3599	3831
9603	1225
8093	1224
479	9775
2723	1190
4014	9460
5229	4432
5123	1224
5962	5372
5314	6233
502	9855
4556	8260
3599	8260
188	2814
4378	7808
3616	185
1855	7807
3523	4968
4556	3297
8544	5314
8065	2777
971	5003
3544	1519
3764	3342
3438	5000
3438	2926
5620	4782
2127	4542
4496	5879
2430	1138
6233	8327
9603	646
2388	3764
4450	4515
4376	8544
2150	5321
6875	7489
7305	2920
1815	1519
6005	4968
1138	502
476	6233
4536	7979
2926	1387
4014	1224
3816	2023
3599	4450
228	5471
8330	4376
4515	8763
4148	5873
3723	1764
2207	5922
3648	3599
5279	8071
7084	7808
1532	1066
982	2810
9068	8328
8377	3523
4556	6356
1922	7808
502	5879
6674	1575
1190	3642
2813	2023
289	8291
289	455
6233	9109
8666	2495
530	6443
5032	2023
8653	8689
638	8130
3438	2796
9109	7808
8130	502
1532	7808
7022	4450
116	9785
1922	1214
5032	4629
5604	6333
7088	2964
6827	4247
8142	3438
4208	4450
5263	2012
4239	5003
9149	1066
9446	8328
3599	8544
7489	8260
4892	8260
4987	4239
502	2475
1066	8260
6333	1066
5471	6233
8260	189
7088	1193
1165	8260
7881	2030
289	2495
6422	4013
105	8328
5873	2030
8328	8417
530	2394
2522	9068
530	1794
7845	530
2495	3599
9373	3297
6333	6901
4148	1387
4515	4239
4247	6827
6233	4515
530	9601
3556	6333
3523	4629
3642	1556
2218	7808
2610	1519
4771	3616
9097	189
4536	4450
5922	8260
6987	3243
4452	9068
6421	4247
2926	3764
8689	7088
9068	1532
188	3438
3438	6355
5697	1850
2140	8255
512	4515
4496	1387
6233	1224
9149	8377
4248	2030
3542	7737
1387	476
3764	312
445	1224
188	2584
646	2926
7489	312
2926	3035
226	2926
7737	4496
4322	3157
638	502
6666	3508
6333	4450
6333	5279
4248	5920
2113	4373
6233	2810
4379	8328
4450	5314
8059	8049
226	312
4247	1196
8328	9068
1904	8130
3713	5314
2796	3438
9454	1575
1519	5401
880	1643
226	4968
5263	6333
3728	7845
3792	7088
5317	3297
5278	1213
476	4376
189	8417
2926	642
982	6666
6516	982
4373	9603
4376	7489
4536	1213
5857	5593
2113	2056
3197	8112
7088	8327
8653	9603
3950	3198
9373	1519
8544	9109
1855	6920
1855	9980
5003	6233
6250	5879
8653	4901
6355	8544
9068	1224
4579	982
1519	8260
7892	3311
1670	8377
6827	8093
2926	7881
3329	8327
6333	4968
5263	4239
1149	7489
2012	6233
9573	502
2326	4983
1287	1066
6666	4373
4013	4983
162	8482
3149	646
3595	7808
6875	4515
5280	4515
188	8417
1214	4208
2023	8260
6333	5263
6333	4376
7612	8142
5147	2388
6561	8260
2745	2745
188	189
7496	2388
2651	9068
226	6901
6506	5594
516	4768
733	3599
5898	5003
1225	9603
4193	4629
1670	185
1224	5279
8241	6233
3640	530
2522	7808
479	8093
9446	8649
5316	2495
189	4376
6666	7088
6920	7076
188	8482
4536	6233
2777	289
7352	7496
4577	3272
5808	5263
8653	4376
4084	8733
8653	6533
982	4771
4713	6269
6561	7489
6233	5263
6666	8251
4602	1744
7352	7808
2651	1556
7883	1680
7600	6233
7698	4373
6333	1165
5879	7104
46	9020
1519	6233
7088	2388
4515	3764
3508	6233
7496	2926
5032	2495
9242	9251
6747	1460
9855	7737
5190	982
2168	7104
4496	4208
4071	7088
5200	4373
8482	5279
7600	4629
5962	236
4556	1066
986	5562
646	7088
9705	2023
6666	1519
6603	2920
3556	4968
9446	9291
3342	3616
530	982
6918	530
6506	2013
9855	7104
3449	4556
8070	530
502	4629
530	7845
6233	448
4405	5003
5185	7088
1556	3438
6333	6233
312	9068
9109	9855
1556	3556
8377	5003
9149	445
3599	4968
1575	6674
8402	494
5123	2168
1426	7158
3438	8142
7737	312
4298	4298
3616	3311
8142	7496
971	8255
5147	5003
6005	8328
7979	189
3616	1149
1933	2023
228	4892
2261	2166
2522	8328
6409	982
448	8417
9177	9128
5147	7352
7489	4342
8330	2796
502	9068
4376	476
7084	8260
6333	5003
188	1066
8649	8260
3911	2030
4376	4276
5263	7088
4536	7808
503	7088
2496	7104
1196	1605
456	2023
6061	6333
4239	6537
439	1196
638	1607
9068	5032
733	1460
1190	3508
4664	3523
4515	3197
1670	5263
7088	4450
7489	9068
6422	7022
6827	3297
736	8260
228	4629
9097	6333
3599	5003
5032	1519
1532	736
8328	8402
1387	7979
1556	8142
638	186
638	3438
188	6333
226	7489
2810	2023
530	1737
4651	8291
4452	4373
8330	8260
7337	3297
7791	982
4450	189
289	5922
9097	1066
312	3764
8328	8142
7088	6666
8653	6422
1229	1692
8396	8260
7489	642
2522	8260
3663	3764
642	7808
7040	7040
1196	3523
6233	1532
5200	4664
3438	1190
971	5074
8666	502
638	8260
3642	476
2633	5263
2339	7808
4376	3764
2388	5594
1426	6827
1026	7808
688	6233
1956	8327
1519	3819
7489	6233
730	5263
4373	7808
736	8377
1066	8733
9446	2234
27	5714
4923	7929
530	1213
1639	1639
3599	4629
1387	1556
7097	8260
3272	1225
46	6827
4373	8328
1165	7979
9335	8291
4067	3599
3342	7808
5808	7808
5920	3523
1544	5920
9177	3599
8327	7088
5842	982
7088	4239
9068	3599
1224	6233
226	7022
1066	5003
9291	439
8260	1519
4634	8071
4536	8328
8267	986
5603	7808
5200	9603
3599	4373
189	5922
633	189
3523	4014
6919	8260
3599	9177
6875	982
8327	2023
5808	646
3366	8325
1532	479
1387	9603
2933	8377
9677	730
8544	1933
5504	9603
6269	8093
1519	7088
5263	4450
7881	3764
3655	3656
4342	3599
7612	2023
8142	8328
8482	189
1965	1965
7737	4450
1066	8377
530	2420
5200	9855
9149	3599
3599	4208
476	4556
530	5143
4496	7737
189	4450
530	3919
9068	6233
5372	5962
1123	439
7489	6333
6005	4629
4556	2030
6561	8328
4664	1460
3616	3779
3911	3438
6333	5594
188	2926
5864	3616
1346	2023
1855	6506
1862	4664
8653	189
3243	5263
448	8093
3616	8130
6920	7808
604	7845
5279	8482
8142	3599
7896	3334
1190	8142
5922	5594
189	3599
7084	502
8544	7808
2522	1196
5190	5263
3911	8093
633	1190
9177	982
6333	3243
189	7979
7104	6333
5147	5032
8251	986
9177	9855
188	6901
1680	7979
8093	4629
540	8377
3642	642
728	5067
1190	312
9068	7489
5944	1254
3547	3616
3523	3599
7929	6233
3644	3672
9785	439
1607	8291
9446	8482
3919	530
2388	6901
9835	3832
712	4629
8330	4450
5263	1066
544	1519
8632	3297
8377	2933
2920	4496
9068	4373
2651	7808
4373	736
1670	4208
228	642
7100	185
6233	2340
1460	3616
5930	502
7021	7808
986	5314
3943	1224
3438	5314
2396	3075
2495	8377
7270	3663
6233	1214
642	7022
5279	6233
6747	2495
269	5003
6048	1149
4414	6920
8327	1387
2340	982
4515	8377
5594	5003
9278	1224
8988	4515
6901	2388
4782	3297
8142	646
4159	7808
7489	1532
1196	289
1395	7808
530	8070
7808	1066
9109	3438
969	9580
502	5263
1387	4496
8887	530
969	8325
2495	2012
4515	1079
7367	5263
188	5263
4373	1224
3508	189
9149	8255
1532	8482
502	5003
7088	6269
8142	3642
5317	2012
9446	7021
5401	4986
3642	4071
3599	646
188	2113
3616	8325
289	3599
3311	6233
1970	7088
6250	3764
6920	3831
4239	1190
7022	189
6233	3508
9278	4629
2633	1224
2651	4629
2926	5314
9149	289
3792	448
1556	5594
5219	2023
646	4450
1387	3764
226	8260
1214	4376
7575	5905
1587	455
2388	7352
2597	502
4713	4968
7927	5872
1556	7808
269	6920
4247	1224
398	6920
7808	7104
3243	5279
3764	1680
4968	5003
990	6920
2207	4983
3297	2590
8377	2495
7808	1680
3523	8328
6355	3438
5200	8142
3401	646
4496	185
2651	4968
228	3599
1190	6901
4084	4247
1575	3832
530	9317
530	27
133	2023
8377	4968
8059	4247
530	2641
4515	8733
1293	448
491	7808
9160	7979
3599	1066
2597	1460
5200	3764
3438	5922
7808	8377
2590	5190
5108	2023
2866	8377
2522	4542
1232	4657
9068	6333
3438	5594
7808	2522
2388	5314
4987	2848
479	448
8482	1066
530	512
6666	8071
3832	9454
7575	3648
9573	9454
1387	5594
4713	3599
9739	7808
1190	476
5314	646
2493	8291
1519	2610
5922	6233
6233	27
7104	2113
502	1460
250	7808
1224	4629
1680	3599
399	1224
105	7088
2926	8649
646	4071
1933	7088
736	5003
188	2023
188	7088
3595	6333
971	5279
5316	2590
27	5263
512	4247
5200	5263
4664	9068
5879	8260
530	3362
4014	4515
1387	8142
9149	5003
3157	7929
8920	2493
7088	4542
228	3648
3523	5263
3918	3297
6233	3342
971	982
555	1224
6333	540
2023	5920
1225	1680
7489	2113
1335	3311
2926	3438
8070	7927
6333	3764
8935	3266
7836	3297
7104	8328
1322	1322
642	8260
633	2388
6309	5263
549	982
15	3297
7496	7808
6920	540
4239	2920
4247	6269
2493	6506
4968	1680
7808	3508
7808	3523
8241	1066
3764	189
1387	4542
8328	4968
9291	4556
8666	646
9785	8328
4542	3830
1670	3523
6615	494
646	6851
4771	8093
7808	3599
5123	3616
5263	736
5808	7489
971	5962
15	7088
5879	8649
8093	3599
3523	455
530	4629
9177	8417
1605	1196
7805	3616
4713	4983
1532	5279
986	1519
2777	1213
8988	5922
4515	2023
1211	1933
2084	8093
6944	8260
2590	4247
7352	642
2495	1213
3523	1519
1519	9454
188	7808
5319	8255
8330	1214
5279	530
2340	6233
1532	8142
5857	2590
1732	8291
642	7352
4376	3599
7592	8328
2651	1213
188	642
3342	6422
8666	5922
9067	9067
7017	3297
6333	312
9822	2023
4536	3764
5962	2522
3673	3523
9109	8544
312	6333
4373	8482
5053	1224
170	6506
530	720
3599	1196
3268	3761
1149	185
4373	7104
982	7808
2814	9177
7808	5263
778	982
7808	9068
6443	5714
9020	3616
2023	479
8417	646
8417	7808
428	3599
269	502
5905	8327
8260	7489
8062	6105
2651	7489
8653	8093
3438	3911
7892	7076
712	4968
185	4496
9460	4014
4013	8142
8241	8260
2522	2495
188	5279
6747	4629
9454	4515
7022	8260
530	5123
4342	3297
2651	2933
427	7808
7097	7084
3133	3133
3438	7496
530	5280
971	4968
4629	736
2456	8260
5032	5905
6233	3599
5279	6333
6267	6270
2388	7808
1737	289
4247	289
4014	7808
4014	3599
1066	4373
9149	1224
4515	2113
9446	7088
3616	6637
1519	299
9603	5504
5857	1196
638	4450
4239	7088
4247	5855
4986	5317
1211	4515
6772	6792
5867	4515
5263	8260
4376	1387
3508	3508
6233	189
4542	730
4276	1387
7892	2396
8260	4450
6005	3311
6827	1196
8544	646
4515	5279
3523	185
7927	8328
6269	502
7496	9603
3311	189
2497	3523
8255	15
6199	9020
4515	7808
3911	2388
5808	4496
9855	502
9603	5032
3438	2388
5978	3764
5879	2522
5279	3243
3599	2495
8328	7088
4247	540
1196	540
1532	4239
3911	982
1066	9068
2810	3764
4536	1680
1532	6233
1190	5314
7883	8482
4515	5032
7808	7808
6506	8260
4713	5326
5920	4629
5756	3297
4713	8260
6233	1066
15	5314
4013	2012
4644	8093
1670	8260
1190	1387
4247	3297
3383	1460
5879	3831
728	5593
1213	8417
659	6333
502	5930
5190	7104
3911	189
5279	9454
8653	3642
2493	3616
4515	4968
8653	7489
3595	646
1077	982
3616	2493
2013	5922
633	1862
4713	3523
4193	9739
6333	5278
2569	2023
7791	2023
6269	3523
1607	1213
8417	5314
312	8328
8255	2777
1670	7808
6333	736
1970	3599
7929	6714
5200	4450
188	3599
9097	8328
4067	7816
5408	6333
5147	5594
4668	289
8391	5905
8653	1319
1066	3297
544	982
170	1213
633	5905
6333	3556
4668	7808
4239	736
4373	3599
1815	1850
8251	1519
5620	982
863	862
2388	9109
15	2147
1532	5922
6233	491
3438	4071
2777	6827
3616	9467
7367	8328
1138	2430
6827	6674
7097	3157
3616	2012
1922	5922
7489	5003
765	8260
4450	6233
2023	8417
2012	646
4239	6233
5003	8260
1970	5314
530	575
6666	982
1682	1224
6932	982
986	6356
3243	439
8260	4556
3764	8260
9640	6742
7075	8733
4450	2920
9446	4515
982	4629
5316	4668
8649	3764
713	1213
60	6674
530	46
1519	2266
188	3149
2494	2030
15	6233
2012	736
6920	1970
4013	5263
4084	5922
448	5922
3595	9068
4064	3663
9291	8417
3438	646
6233	4556
1532	6333
188	7489
299	7088
9068	185
3311	2475
8377	2866
2497	3297
1224	8255
4247	5190
5147	439
642	3764
228	6233
4248	4629
9855	2326
8544	3816
4858	7021
736	3599
2926	9109
1575	1519
4496	9109
7808	4378
3383	4239
2493	1196
3599	3556
8688	5471
5147	5263
8251	642
1123	6666
5147	189
8071	200
6901	6233
6868	982
6233	2045
2388	7022
5317	8260
3522	2012
4071	7816
9068	4664
7489	5279
4239	4644
7808	4968
5190	8071
6299	9603
5147	5879
6005	7808
188	1213
9149	4629
7600	189
4247	6599
5714	439
6233	337
9020	1904
3761	1214
9573	5003
7808	2933
646	5922
4450	8327
3449	2920
2695	1466
8377	4373
4193	6233
617	1224
3764	4376
7022	3764
3243	7808
5879	5920
188	5003
226	3764
189	6276
9068	5263
2388	5000
5263	2933
5000	2388
1214	3761
7350	544
228	3717
8377	1970
2522	540
2374	5314
8653	2813
3437	7808
4782	4515
9573	544
6747	3438
299	8093
2113	642
6233	5000
1066	1680
8093	1692
7929	9603
2651	3599
4558	4629
633	9603
8071	1532
1519	3642
188	7979
2597	3297
1224	5263
5842	476
1213	3523
3090	1460
4515	1680
189	289
188	2590
7022	9603
4556	2056
4084	2030
5133	8689
5032	3523
1855	6827
5190	2023
6005	502
228	9068
4968	4542
189	3311
1862	6233
8649	7929
8071	8689
4515	512
1196	2495
6827	4515
6188	3616
3602	7808
3542	479
638	2926
4208	7979
6333	15
448	2641
7816	6233
5366	3599
7576	502
6863	2023
8328	3243
2926	3268
2926	3911
6055	2166
7575	4515
673	666
9739	4239
2023	4629
3272	4577
8377	1532
9109	2810
5920	1544
8071	5279
5291	990
986	2023
6674	6827
8948	8948
4664	5263
8417	5263
7352	7088
5857	8920
3616	3599
1066	2605
4148	3831
2388	3911
5278	1680
730	5314
2354	8377
6233	8421
15	9454
189	2388
4239	9739
707	2023
1970	6233
9603	4071
530	9454
7808	3243
7979	6333
1532	8328
1211	5003
633	8328
74	5109
1196	4515
1224	5905
471	8071
46	530
2388	7728
3437	8328
9177	9187
530	7554
4713	3831
6109	8544
2496	8291
8544	3642
41	3713
5604	8071
6109	2023
2933	8260
2494	5905
7104	4556
5634	1519
6875	2810
8649	2926
1387	5314
6830	6333
188	4542
273	544
6233	7929
4987	289
289	1213
7808	5279
6233	3911
188	8093
2023	4971
6901	9109
1532	5278
8328	5263
2610	982
4148	3311
6233	5279
8142	7612
6233	476
6522	5279
6233	4496
4515	7484
6233	9177
4084	6666
530	6188
476	8328
1556	7022
1556	3268
4644	5314
4373	5263
971	6233
2651	4450
15	4542
990	189
540	1066
6233	6333
1532	3243
448	986
3523	1213
8649	7352
4091	5032
8251	3438
4515	5321
3599	4556
5962	4556
7543	289
2590	8093
3764	9068
8254	1387
3342	3599
546	3523
3602	5263
188	3764
1670	8093
4943	3832
6827	3311
5594	7022
633	4247
476	2584
6233	4376
5808	6233
5314	1066
7496	642
2651	7979
7979	170
3523	1224
9603	8260
8100	7808
9739	3311
226	4629
7892	530
7022	8142
8241	3663
4013	4795
712	5905
5316	5922
2113	2495
5922	189
3599	7489
9278	8689
5282	526
4713	502
5200	3438
9855	5714
1196	7489
15	1224
9974	5922
2597	3599
5200	8328
5263	8328
7022	7979
2013	8291
7816	4071
5603	1460
6561	6333
986	6666
4193	162
3663	9177
4515	5003
6333	9068
5147	9855
3642	1190
6603	2590
15	2493
6333	1532
249	4450
5471	8071
1928	736
4013	5314
9177	4629
512	540
3197	3599
7929	4629
1970	8377
7489	8142
8059	7489
646	8142
3166	5003
733	9068
9720	8361
6309	646
9333	736
646	8377
189	9739
4450	170
1190	5003
5147	4071
6747	8377
5147	3599
6522	8130
7337	3663
8142	7021
707	8093
8377	4376
4496	8246
4968	540
5100	7808
4713	8130
8142	312
2056	479
1782	8071
7808	2495
1692	1035
9566	7802
8327	4629
1196	6269
189	2495
188	7084
2495	8260
1460	4247
3311	9109
7489	2926
9097	3764
3616	3832
2495	1066
3599	189
1138	2196
4515	185
4515	3523
6868	986
476	9109
6233	7088
530	6918
1070	1439
5326	1196
6546	3968
7084	1862
5000	2823
8377	3599
476	1190
9335	289
1627	3523
502	7808
312	7737
6851	646
1727	3556
3599	4376
2140	15
228	1230
8377	2012
3206	9739
4071	3911
3508	5594
8653	5879
1519	3508
2396	6333
7084	4247
736	646
4373	1213
3449	4515
4536	2339
5200	8071
4373	2522
1196	3599
1933	8093
5723	8733
646	5074
971	3599
7927	6827
2814	5074
8666	4496
4450	7808
4148	9177
1066	3599
1211	8328
8330	6233
971	9739
1213	502
986	1850
5190	185
2040	6734
5219	9177
1190	3149
633	2030
7600	3599
1802	1519
2493	2495
8093	8251
6233	7489
9446	982
2012	4247
7219	982
638	2030
6061	5594
7979	1387
4515	8328
778	5003
2113	7489
8402	8328
1211	5962
982	7927
6233	4629
4629	7808
60	9454
3198	1224
2084	5578
228	9467
375	374
1970	312
4432	1519
4515	7806
2590	3297
646	6233
3616	5959
3764	2810
4968	3556
4274	1224
2933	8142
439	2388
6757	6759
6233	8093
3086	3086
3599	9068
502	6269
4247	8733
6901	8142
8402	7808
4013	7088
367	367
986	5471
9109	7088
6233	1556
3311	4644
1165	1680
3764	642
638	2388
3616	2030
530	5766
3672	3644
3599	5920
6233	5314
1519	5634
188	982
5190	4556
6678	1519
2590	2493
9446	8260
188	5314
4450	1680
8653	2023
7489	1213
7808	185
6233	646
4013	1319
7808	6333
3616	3648
1196	4968
189	8260
3616	6128
4013	7808
6333	2012
526	185
1519	712
990	5291
2961	526
7084	4983
3342	4376
5190	8733
7575	9580
633	7808
9128	9177
6005	2522
5808	2933
4342	7979
2813	4208
2012	7802
8093	2495
170	8544
2926	646
428	2030
5147	8689
188	3523
289	2777
3548	237
3616	990
986	9739
7088	8377
1607	3297
188	5714
6333	5697
530	7892
7364	2023
9149	8093
6827	1213
3764	9739
3197	7489
228	2084
7489	3764
1933	2813
1556	8260
9566	3616
6506	5857
3764	4450
6333	2113
2084	7929
6827	3523
1214	4013
6333	5032
4247	8291
3599	6233
6333	7022
7927	3523
7352	5922
2056	4556
1076	6901
6333	8260
1519	448
540	7808
4450	1214
2140	5922
9097	3243
1680	7808
4664	1862
3268	6233
5190	4247
2777	2030
3493	3493
5263	646
1224	8328
5594	6233
707	2495
6233	2814
5263	5879
6757	7808
633	8291
5905	1224
15	7808
8649	5314
8689	2023
4247	6506
2326	3764
1224	3297
4071	5003
2920	5314
7637	439
1190	6333
6666	502
6827	8291
736	502
9580	4342
7927	7576
4450	688
15	8417
7634	8260
6422	3599
526	5282
448	7808
15	3508
7816	4629
8093	6233
8327	1532
1214	4450
4968	8260
5922	3438
7496	8482
502	7489
3663	8255
5594	5922
9941	1086
5263	3523
3663	6666
4968	8328
4556	3599
3311	8070
1519	5697
2309	5679
9109	2926
3599	1213
5263	3438
5279	4515
3764	8417
9068	2495
9855	4968
540	9068
7808	4450
6233	5879
5003	8251
8251	8071
2084	736
8260	6233
1904	289
5263	5278
5147	2920
5147	646
3438	448
6299	6233
6294	1519
5147	7808
5200	7022
189	6233
7929	2926
1556	7489
5519	5519
9785	8255
4558	7808
8328	3599
1211	6233
3642	1156
4239	4556
1519	4432
5981	8291
6827	4556
8059	5594
6747	7489
2651	5263
2166	1213
188	3311
6333	8291
3556	5003
6403	6490
4013	8291
188	5190
4515	8071
4450	5263
7022	2926
312	8142
4373	646
3616	9336
2651	982
2326	7489
9020	289
9149	4373
3342	6233
8328	2023
8649	1519
3819	1519
7698	1519
7808	448
8544	6109
5003	8328
8649	3911
3616	5143
1196	2522
1970	8093
7097	2030
1225	4577
3542	8255
8260	2926
189	1196
8251	448
1211	9109
9149	6506
4658	289
7983	646
3737	7808
646	5003
5471	3523
188	1196
188	1387
6233	5032
6309	5003
1532	3595
6333	8482
5314	4644
3599	8377
3595	6233
5471	3764
3599	736
273	6363
1855	2113
1026	642
9513	479
707	8251
2023	8093
9068	1066
4515	289
2296	9909
4122	8071
5263	1680
4664	9855
3595	8377
188	8689
7881	2926
6233	2926
3595	8260
8059	5855
5190	736
1213	8377
3642	3342
6233	7022
8062	8093
170	7979
3342	5594
880	862
4496	6233
5279	7808
7084	2493
1519	1815
4968	5263
3616	2472
5855	4247
4342	7489
8666	4771
1460	6506
2495	8255
2388	476
5200	7979
4247	3523
1190	8689
990	3268
476	2388
5200	4376
7737	6233
688	7088
3642	1519
189	646
6059	3523
8544	3342
6333	7104
8377	3595
778	2495
8330	3342
5263	2023
15	5922
3642	8544
7600	4968
27	6233
3523	4664
3523	502
3243	4983
5190	8377
1213	736
289	3311
3831	8260
9068	2522
1904	5003
8070	7084
5123	3297
2926	8650
4556	476
3243	7104
3616	5922
1196	4664
5147	2796
2813	4629
2400	1224
8093	1460
3616	479
638	646
5279	4629
6269	1066
7053	4968
8653	5279
4031	4983
228	8071
4515	3648
3642	7022
6522	1532
9446	2354
9454	2030
3508	4361
2340	7737
4713	4629
1190	7489
4536	2814
5879	9128
2495	4629
7352	6233
646	7808
3642	3764
8112	8251
6233	986
5317	3599
1556	6233
4373	2113
4071	2388
5316	1196
6490	6403
479	2056
2207	540
4542	15
2926	7808
7471	2495
7468	5123
7496	2030
188	5594
5219	1519
642	3206
228	3642
984	2023
9603	512
2234	4913
1855	7808
2354	7088
1864	9128
8059	4556
2056	2113
5879	1224
3642	6827
1855	6233
1214	3764
2495	1460
236	4239
642	8142
9109	6901
7808	1213
8544	4376
2494	1066
7600	8328
2166	2030
4715	9739
5714	27
1224	9855
3616	1225
1519	1933
3911	2926
5263	2810
8328	5003
1519	6666
6875	7808
8070	736
2777	3297
5057	1692
5426	3832
6199	4664
9067	3342
4515	5879
6233	5594
9454	3792
5879	6333
6603	289
9454	5905
8291	2030
3438	9603
5147	5922
9177	5003
4450	2796
7808	3764
5147	6333
8070	9818
6875	3599
1855	5714
3764	7808
986	5003
4071	642
2596	1196
4450	8636
736	4968
15	6333
1519	8251
9068	1680
1556	3764
3542	8327
8377	5190
5147	2084
476	8142
5147	4322
9109	4556
8417	4450
170	982
6233	4071
4713	7808
3764	659
1190	6233
1070	982
2168	5123
2140	3663
3197	2777
188	3268
1532	2012
2590	8920
4536	5594
8482	3599
530	5279
8544	5263
880	947
733	2012
4556	2920
8377	1213
188	9068
228	9177
6422	7808
530	7183
3816	646
3599	2023
3792	6258
5603	8260
2926	2030
7489	5263
3508	8327
4247	2012
5879	1970
530	1035
4664	8328
7808	646
2388	7088
133	982
512	289
3764	6333
1387	3438
188	8255
5326	3469
8544	476
1532	8327
439	5003
9160	7088
530	2493
9149	3523
9855	8377
3764	2388
5905	3297
530	1460
4376	6233
269	1196
3599	3737
6233	3149
8377	6233
9855	4496
8142	2933
7808	5278
816	4968
5200	4556
6333	2522
3438	7489
5895	4373
2207	6506
6005	8260
7899	8417
730	8093
3469	5326
6188	4771
1670	8291
8328	9603
7489	2388
1692	2023
2497	8291
4013	8071
646	9603
4013	7979
8071	8260
4968	4629
8988	289
530	4247
5147	8142
1387	6851
707	8260
15	8260
8653	2814
5279	7076
6422	5314
3764	3523
3642	1850
5190	2590
3666	736
1387	4013
2354	2023
4653	3297
2030	9603
5282	185
736	1196
1556	9603
6055	8328
6355	5594
2495	5922
3523	540
2127	4983
1190	5594
1196	736
1066	3523
6376	455
5962	479
3197	3297
1862	6827
1904	2012
1670	1213
8093	6506
3449	3197
986	2388
6747	2522
2388	5185
448	6269
1519	7489
659	2584
7356	7352
9068	5003
1190	2023
4713	6920
1970	7808
1346	8093
969	4629
5307	8062
2030	642
7489	2296
7808	15
5959	9454
736	2495
2388	4968
1196	5857
1519	5032
4071	3438
633	646
3268	5594
990	2495
9446	4013
2497	8260
5133	8071
3655	3661
3438	7808
8093	2813
4685	7808
733	8071
1224	8093
8421	982
3911	2814
4685	3616
3197	289
9149	4556
996	7808
6376	15
5190	1213
7808	1224
2113	7088
6233	9068
2651	2113
2651	646
5594	9603
5316	6506
8544	8260
9974	2475
1138	2495
8482	9068
7489	4239
6522	7489
2596	6506
4376	3342
8566	6233
9097	4373
8653	2810
1850	6233
8057	8057
633	5003
2522	3599
638	4629
990	5594
6233	5714
3157	1319
673	3297
8920	2590
1670	5922
8636	4450
6901	8260
9446	4556
736	4373
6333	9603
2056	9020
4664	502
7881	1556
3642	7808
4239	5263
2326	5263
9705	7929
5314	8544
4452	8260
5857	7808
1229	530
8377	6269
2113	7104
1519	1575
9603	2810
2495	8093
4148	7892
9097	7808
4379	9068
2079	2023
530	7471
8260	8544
8653	1933
3166	7808
2388	8482
6233	7496
6615	3335
46	5003
1387	6233
4248	5879
8327	1319
7600	3523
502	4968
6233	2933
9149	7084
633	5714
5074	2814
1460	2495
3198	2406
990	8130
