895	38894	5.0
871	37199	4.0
918	24338	4.0
292	35149	5.0
741	37436	5.0
456	29666	5.0
302	32892	4.0
424	37793	4.0
14	25338	5.0
316	27454	5.0
524	40445	5.0
209	39811	5.0
335	32412	1.0
891	38246	4.0
446	37565	5.0
281	40230	3.0
20	24624	5.0
524	38897	5.0
174	24881	5.0
728	42815	4.0
397	28521	5.0
514	21045	4.0
983	39200	5.0
811	33455	4.0
793	40761	2.0
119	40864	5.0
588	23243	5.0
874	23183	5.0
992	23560	2.0
604	22341	5.0
721	31171	4.0
558	23831	3.0
288	30201	5.0
340	31066	5.0
811	34758	4.0
741	26375	5.0
522	26527	5.0
601	40551	3.0
29	25306	5.0
880	24855	4.0
340	43460	4.0
158	21542	5.0
631	30180	5.0
400	40937	4.0
462	21014	5.0
973	39127	4.0
340	20275	5.0
745	38315	4.0
514	42090	4.0
880	27053	1.0
882	25403	2.0
569	20055	5.0
283	42655	5.0
585	32873	4.0
377	23732	5.0
60	36235	5.0
81	23688	5.0
408	41086	5.0
778	22665	4.0
404	26085	5.0
808	26695	5.0
643	36843	4.0
320	25243	4.0
283	21883	5.0
882	24501	3.0
641	29925	5.0
889	40913	4.0
68	32126	5.0
448	32749	5.0
69	30260	4.0
45	23537	5.0
388	41016	3.0
741	23677	5.0
248	22356	5.0
555	22748	4.0
470	23955	3.0
347	40401	5.0
81	21529	4.0
684	40704	4.0
882	36505	3.0
157	39728	5.0
916	25175	5.0
401	20319	5.0
506	29999	4.0
449	30018	4.0
319	23264	4.0
711	36478	3.0
625	42614	5.0
249	33557	5.0
430	34540	5.0
678	25369	5.0
991	39612	4.0
59	25351	5.0
922	37251	5.0
181	31204	5.0
793	36050	1.0
620	40908	5.0
464	24659	4.0
332	23558	5.0
547	28109	5.0
848	41915	5.0
964	41045	1.0
736	26472	5.0
153	39516	1.0
210	24436	5.0
963	23624	5.0
581	31316	5.0
162	26168	4.0
769	26207	5.0
785	22205	4.0
340	23954	4.0
756	42938	5.0
215	34266	4.0
763	34615	4.0
89	36183	5.0
37	36275	5.0
850	29672	5.0
38	38297	4.0
26	31484	5.0
783	42972	4.0
385	34364	4.0
958	30672	5.0
848	24295	4.0
570	25926	5.0
721	40712	5.0
912	24343	4.0
874	22207	5.0
575	30022	5.0
868	32071	5.0
472	28135	5.0
514	40909	4.0
761	34888	4.0
133	23137	5.0
201	28497	4.0
888	27057	5.0
13	25089	4.0
620	39102	5.0
95	37484	4.0
522	28511	4.0
577	41377	3.0
244	42305	3.0
588	24747	1.0
89	37187	5.0
827	25331	5.0
982	36332	5.0
414	22452	4.0
501	37269	5.0
649	22584	5.0
721	28228	5.0
538	31024	2.0
347	29996	5.0
479	41613	5.0
245	27544	5.0
466	37896	4.0
741	35648	5.0
687	39791	4.0
161	30620	5.0
79	37716	5.0
463	22534	5.0
570	25360	4.0
542	24749	4.0
441	23093	5.0
570	24127	2.0
741	25071	5.0
740	30281	1.0
855	28799	2.0
21	39105	1.0
256	33572	5.0
142	37239	1.0
481	39038	3.0
178	26302	5.0
576	21253	5.0
24	37169	5.0
415	43870	1.0
852	35140	5.0
248	27053	5.0
319	20586	5.0
929	22536	5.0
283	37237	5.0
402	26656	5.0
141	26331	5.0
57	36655	5.0
990	38233	5.0
402	33715	4.0
423	42286	4.0
103	23829	3.0
501	20010	5.0
354	43105	5.0
25	41947	5.0
910	21285	4.0
254	32076	5.0
606	23103	5.0
141	34911	1.0
107	22003	4.0
648	35292	3.0
381	24680	5.0
484	38298	1.0
64	33515	5.0
282	36471	5.0
283	22543	4.0
458	41820	5.0
758	35461	4.0
579	30540	5.0
570	25281	5.0
345	34350	5.0
176	37411	5.0
514	43046	4.0
219	40682	3.0
480	40305	1.0
448	24258	5.0
334	25291	5.0
420	43460	5.0
618	37587	1.0
181	23290	5.0
801	24688	3.0
642	37266	5.0
477	36408	4.0
895	37785	5.0
70	21894	5.0
556	24078	4.0
575	21482	3.0
749	20023	5.0
56	40816	3.0
349	31758	4.0
27	25404	4.0
816	26643	5.0
681	24650	5.0
811	39021	3.0
142	36332	5.0
8	41316	5.0
77	37737	4.0
89	38430	5.0
95	38107	4.0
478	24427	5.0
570	23385	5.0
763	34551	4.0
624	40401	5.0
552	33721	5.0
490	41102	5.0
514	21061	4.0
181	24147	5.0
631	28061	4.0
826	29502	5.0
758	20599	4.0
412	26077	4.0
216	39696	5.0
414	35001	4.0
142	38098	3.0
614	40745	1.0
308	42952	5.0
193	32501	5.0
514	33495	5.0
571	24435	5.0
478	34354	5.0
983	24288	5.0
514	39626	4.0
911	40366	4.0
535	39625	4.0
666	21058	5.0
340	22646	5.0
13	24493	5.0
631	23014	5.0
812	28044	5.0
36	40961	4.0
631	29975	5.0
570	32275	4.0
514	36967	4.0
514	37793	3.0
883	41285	5.0
319	42120	5.0
227	39612	3.0
213	22095	5.0
746	34266	5.0
491	37876	3.0
319	20537	4.0
420	24475	5.0
833	25371	5.0
109	36236	3.0
558	25744	4.0
883	37840	4.0
569	32025	5.0
981	43297	5.0
283	27933	5.0
342	36076	5.0
922	27386	5.0
848	23356	4.0
824	27969	3.0
396	41045	5.0
321	20137	5.0
283	43490	5.0
554	43806	4.0
505	28782	5.0
831	24256	5.0
309	21492	5.0
594	34944	5.0
589	40816	5.0
223	22655	5.0
531	38053	5.0
268	22888	5.0
485	25224	4.0
185	34082	3.0
639	43102	4.0
513	30672	5.0
837	26129	5.0
537	27543	5.0
81	27096	5.0
403	28874	4.0
167	32515	5.0
547	21340	5.0
170	40130	5.0
779	25483	5.0
334	26271	5.0
283	43241	5.0
918	28401	5.0
569	28224	5.0
330	24590	5.0
336	34350	3.0
467	22317	5.0
433	32182	3.0
901	24644	3.0
13	24059	4.0
70	40476	5.0
148	30558	5.0
272	36987	2.0
847	26274	4.0
32	32271	4.0
93	24391	4.0
250	23560	4.0
105	26645	5.0
155	23089	5.0
14	31854	5.0
570	26725	3.0
453	35738	2.0
891	35438	4.0
570	38141	5.0
522	24442	5.0
848	25614	4.0
122	25104	4.0
105	35068	5.0
949	37981	5.0
283	42605	4.0
637	41482	5.0
81	29321	5.0
771	27057	5.0
397	28948	4.0
628	36662	2.0
570	22439	3.0
454	24860	5.0
0	36819	5.0
260	22578	4.0
628	37065	5.0
891	37758	4.0
168	23553	5.0
441	24078	4.0
290	24657	5.0
148	21192	5.0
77	31778	4.0
340	25653	4.0
345	32531	5.0
779	27309	5.0
808	21099	5.0
752	21451	5.0
461	36383	4.0
314	22197	5.0
514	42452	4.0
300	38327	5.0
555	22018	5.0
596	40502	2.0
891	34579	4.0
399	23997	5.0
658	38610	4.0
644	43418	5.0
672	23519	5.0
863	21272	1.0
98	26530	5.0
600	40731	5.0
822	38081	5.0
792	27242	5.0
581	32748	5.0
168	23512	5.0
340	23688	4.0
334	30672	5.0
456	41401	5.0
400	27503	5.0
44	27151	5.0
839	41748	5.0
738	29048	5.0
514	28088	4.0
684	22021	5.0
602	29996	5.0
490	37297	3.0
377	40801	5.0
930	24561	1.0
514	40513	5.0
340	31374	5.0
860	24004	5.0
514	41911	4.0
478	40428	5.0
524	40336	5.0
952	31661	5.0
334	20916	5.0
298	32823	2.0
234	43606	5.0
29	21979	5.0
763	34627	4.0
575	24302	5.0
570	22400	5.0
569	20369	5.0
398	22384	5.0
17	40084	5.0
891	23093	5.0
832	21221	5.0
290	41342	5.0
340	23315	5.0
386	24341	4.0
984	27086	4.0
395	32975	1.0
329	21541	2.0
413	20531	4.0
81	38908	4.0
68	29721	5.0
340	24338	4.0
283	24953	5.0
248	25331	5.0
230	30027	5.0
882	28437	5.0
252	22552	5.0
303	34791	5.0
689	40548	5.0
141	35850	4.0
995	34760	5.0
602	25240	5.0
55	38467	1.0
984	20595	4.0
211	23637	5.0
546	22178	5.0
425	39533	4.0
848	28847	5.0
710	24071	5.0
860	37336	5.0
71	25993	5.0
4	27892	4.0
779	20136	5.0
455	38812	4.0
923	28511	3.0
522	27460	5.0
81	23900	4.0
727	20019	5.0
340	20305	4.0
44	31025	4.0
94	21275	5.0
248	25240	5.0
443	23993	5.0
886	25985	4.0
763	35627	4.0
380	41886	5.0
664	27465	3.0
340	23478	3.0
504	38241	4.0
592	23213	4.0
856	32322	5.0
207	41534	1.0
789	24650	4.0
26	34591	5.0
22	28026	5.0
404	35817	5.0
900	28240	5.0
355	23940	4.0
347	41578	5.0
88	24479	3.0
789	23335	5.0
645	36967	1.0
407	33875	5.0
168	37138	5.0
526	30987	5.0
374	41174	3.0
581	32860	4.0
918	34705	3.0
848	25805	4.0
658	38758	5.0
811	27573	5.0
511	34762	5.0
813	23245	5.0
861	32307	4.0
277	20444	5.0
241	34542	4.0
581	31886	5.0
848	23391	4.0
652	41943	5.0
307	35775	5.0
817	23090	3.0
514	42115	4.0
610	32993	2.0
906	40231	4.0
514	43238	2.0
334	32520	5.0
622	44001	5.0
514	40126	4.0
340	23928	5.0
982	35692	5.0
490	38531	3.0
317	28274	4.0
338	33121	5.0
436	27586	5.0
563	36331	3.0
474	32780	2.0
13	24460	5.0
97	36887	5.0
94	23248	5.0
344	36275	2.0
356	33833	5.0
379	33920	5.0
860	24068	5.0
76	23809	4.0
475	23916	5.0
131	43868	4.0
332	22620	5.0
546	37059	5.0
588	23840	2.0
265	43488	5.0
662	26476	5.0
891	24656	5.0
550	38926	4.0
632	23436	2.0
292	29717	5.0
811	35241	5.0
330	31131	4.0
283	43958	5.0
431	29263	5.0
305	24147	5.0
386	23356	4.0
403	23238	5.0
624	41234	5.0
701	30282	5.0
81	25487	5.0
779	27280	5.0
385	21566	4.0
718	27987	5.0
410	23481	4.0
634	42416	5.0
763	41025	3.0
639	43202	5.0
572	24860	5.0
491	24570	4.0
213	25411	5.0
424	36735	3.0
526	24534	5.0
120	35965	5.0
403	25864	3.0
450	40242	5.0
315	37880	5.0
142	41044	4.0
860	40837	5.0
264	28132	4.0
763	21275	3.0
38	38223	4.0
491	37043	5.0
291	35157	4.0
627	37053	5.0
579	38253	5.0
291	32603	4.0
239	30672	5.0
492	39765	5.0
570	29762	5.0
889	40523	3.0
162	23396	4.0
171	24012	5.0
897	26696	5.0
19	20056	5.0
334	22722	4.0
811	36001	3.0
260	26642	5.0
504	42113	3.0
567	31609	5.0
397	25008	4.0
689	38961	4.0
842	31887	5.0
848	37148	5.0
813	41302	5.0
665	25034	5.0
533	20019	5.0
26	34476	5.0
643	36490	3.0
22	23246	5.0
512	34587	5.0
264	32385	4.0
514	42646	4.0
553	32789	5.0
399	25118	5.0
659	23426	3.0
390	28320	5.0
408	41897	5.0
594	35515	5.0
999	24384	5.0
443	38881	5.0
377	23522	5.0
569	23227	5.0
741	26184	5.0
282	22331	5.0
26	37122	5.0
569	26047	5.0
29	32177	4.0
504	20175	5.0
212	20739	5.0
675	27468	3.0
485	36875	4.0
851	31987	1.0
424	38457	3.0
283	31365	5.0
769	41348	5.0
468	43677	5.0
51	23638	5.0
787	32084	5.0
659	41295	4.0
424	25345	5.0
14	22190	5.0
81	22654	4.0
46	24755	5.0
610	34439	3.0
227	20330	4.0
230	28478	5.0
89	22205	5.0
624	39163	5.0
334	24410	5.0
162	27139	4.0
514	38447	5.0
762	21702	5.0
440	22518	5.0
162	21764	5.0
146	39203	5.0
92	29012	5.0
275	25038	5.0
514	26539	5.0
377	35233	3.0
586	42224	5.0
89	36766	1.0
269	29845	4.0
796	26043	5.0
942	23686	5.0
525	33427	5.0
570	24770	3.0
813	27973	5.0
469	36408	3.0
802	39594	4.0
65	22384	5.0
319	43124	5.0
903	27542	5.0
340	25308	5.0
296	22584	5.0
437	42374	5.0
741	29220	5.0
607	35936	5.0
574	21265	5.0
850	22898	5.0
268	23281	5.0
109	29281	5.0
181	27741	5.0
414	31388	5.0
469	25262	4.0
574	29010	5.0
278	22371	5.0
356	33700	4.0
62	34456	5.0
731	35773	3.0
971	24845	5.0
480	20068	5.0
357	25421	4.0
137	20987	5.0
633	34877	1.0
344	35553	5.0
893	39637	5.0
703	25040	5.0
663	42906	5.0
81	24492	5.0
206	36148	5.0
564	36408	3.0
575	25808	3.0
646	27693	5.0
905	32223	5.0
779	24702	5.0
651	24674	3.0
317	23852	5.0
227	21531	5.0
185	26593	4.0
741	39436	5.0
761	24046	5.0
860	36481	5.0
389	20686	3.0
78	24368	4.0
523	23407	4.0
278	24110	5.0
593	27548	5.0
237	40626	5.0
105	37757	3.0
730	20451	5.0
3	37880	5.0
860	25063	5.0
236	30535	5.0
305	24934	5.0
340	25645	5.0
580	34839	5.0
61	24393	5.0
742	25039	5.0
292	39599	4.0
377	25893	4.0
163	33432	1.0
424	34350	5.0
514	28794	4.0
493	28097	3.0
360	40571	5.0
340	23988	4.0
531	30465	5.0
268	23381	5.0
78	24708	5.0
400	38530	5.0
807	24696	5.0
900	23900	5.0
236	32415	4.0
514	40296	4.0
6	38098	4.0
601	42345	4.0
671	35600	5.0
96	42988	4.0
146	39850	5.0
292	38253	4.0
567	32939	3.0
777	35888	2.0
64	21303	5.0
405	35949	4.0
779	28166	5.0
482	43023	5.0
466	39437	4.0
567	27536	4.0
654	42646	4.0
340	23232	5.0
492	24521	5.0
238	23086	4.0
504	36735	2.0
920	25637	5.0
716	41577	2.0
14	29717	5.0
779	23702	4.0
514	24649	5.0
610	33242	3.0
80	22687	5.0
877	37071	5.0
488	37668	4.0
492	23396	5.0
848	36747	5.0
576	25427	5.0
891	36825	4.0
761	43520	4.0
475	25447	5.0
26	31740	4.0
488	41983	5.0
423	22571	1.0
741	26872	5.0
403	23852	3.0
940	41349	5.0
610	31648	3.0
866	28022	1.0
763	36534	3.0
81	24517	4.0
252	33220	5.0
448	33684	2.0
59	34597	3.0
970	40833	5.0
82	24128	4.0
385	24247	4.0
505	20253	5.0
745	38491	5.0
904	31069	1.0
11	21273	3.0
518	25703	5.0
871	37596	5.0
259	42691	4.0
333	24568	5.0
525	27453	1.0
514	32315	3.0
504	33442	1.0
299	25654	5.0
996	21986	5.0
478	41272	4.0
815	36402	5.0
127	32690	4.0
882	38674	1.0
662	26474	4.0
437	38223	5.0
251	24376	5.0
544	24735	3.0
749	28501	5.0
430	30281	4.0
879	32359	4.0
689	37983	2.0
867	24012	4.0
875	30862	4.0
892	22194	3.0
813	21511	5.0
337	31976	5.0
325	38264	3.0
48	21956	5.0
886	25979	5.0
389	36101	5.0
13	25618	4.0
696	25716	5.0
899	40774	3.0
514	40117	4.0
879	32674	5.0
372	30375	5.0
739	23885	4.0
436	28925	5.0
787	21099	5.0
797	29655	5.0
403	24636	3.0
232	34440	5.0
594	21501	2.0
86	21128	4.0
90	28613	1.0
230	28476	5.0
600	36247	5.0
34	26078	5.0
926	25073	5.0
81	34107	5.0
273	41177	5.0
674	25247	5.0
983	24681	4.0
530	37666	5.0
448	36498	4.0
227	37638	2.0
581	32902	4.0
875	27919	4.0
58	24240	5.0
14	25302	5.0
993	43171	5.0
388	41111	5.0
570	23271	5.0
452	37264	4.0
988	24807	5.0
896	31235	4.0
882	24599	3.0
969	37776	5.0
335	24878	5.0
997	30301	5.0
181	24620	5.0
270	41325	5.0
569	23977	5.0
227	28457	5.0
698	43790	5.0
644	24141	5.0
514	34965	4.0
264	24531	5.0
348	42406	5.0
440	28227	5.0
13	25081	5.0
320	32958	4.0
322	28887	4.0
53	23451	5.0
385	23712	5.0
821	37178	4.0
334	34497	1.0
368	32329	3.0
285	26705	5.0
175	23923	5.0
848	25300	5.0
488	38534	3.0
152	24932	5.0
897	32133	5.0
514	24534	4.0
997	25369	4.0
704	23965	2.0
946	23317	5.0
813	29683	5.0
779	20363	5.0
410	24367	4.0
567	28026	5.0
623	29481	4.0
565	37070	5.0
252	27645	5.0
696	24579	5.0
880	27257	4.0
261	38158	5.0
523	20597	3.0
662	40590	5.0
274	36186	4.0
339	24165	4.0
501	22004	5.0
361	34792	4.0
514	33210	4.0
340	24268	5.0
932	37049	5.0
540	31746	5.0
240	28123	2.0
569	24946	5.0
367	42852	5.0
998	24254	5.0
911	43611	3.0
55	28939	5.0
72	38437	5.0
662	32196	5.0
848	25639	5.0
29	33409	4.0
181	23461	5.0
774	23339	5.0
377	40907	5.0
872	24791	5.0
383	31044	4.0
472	32975	5.0
965	23535	5.0
461	36374	5.0
514	43374	4.0
177	42978	1.0
641	20422	5.0
74	42352	5.0
448	21825	4.0
920	25638	5.0
425	22565	5.0
841	25051	5.0
514	24110	4.0
912	41933	4.0
813	39694	5.0
66	24074	5.0
431	20268	4.0
194	37419	5.0
514	33391	4.0
299	25595	4.0
982	32810	5.0
677	39715	5.0
581	32192	5.0
365	34369	5.0
270	37520	5.0
64	35448	4.0
891	38129	4.0
101	35000	2.0
227	24925	5.0
577	40816	5.0
319	31824	5.0
0	23511	5.0
81	27195	5.0
748	25040	5.0
514	42334	4.0
965	24729	5.0
669	21522	1.0
894	21554	5.0
320	25321	3.0
327	35749	5.0
505	31714	5.0
340	40153	5.0
610	33963	3.0
523	24883	4.0
868	25024	5.0
744	27957	5.0
643	35906	5.0
435	29509	5.0
243	43001	5.0
676	23476	4.0
50	29136	5.0
545	21846	5.0
887	36946	4.0
39	22552	5.0
664	33969	4.0
431	21582	5.0
537	23852	5.0
978	26042	5.0
425	28266	5.0
934	32308	3.0
412	27969	4.0
26	29575	5.0
814	31474	5.0
150	25082	5.0
766	42514	4.0
918	21292	5.0
27	25387	5.0
574	27536	5.0
546	23432	5.0
106	24457	3.0
71	42781	5.0
455	35276	5.0
424	37758	5.0
340	25614	4.0
254	23773	5.0
308	40204	5.0
997	24915	5.0
848	30662	5.0
731	26094	4.0
654	41756	5.0
898	42167	4.0
525	28812	5.0
86	34102	2.0
514	31474	5.0
643	37673	5.0
615	37049	5.0
760	23593	5.0
575	22549	4.0
723	23900	3.0
474	32042	5.0
769	26676	5.0
610	31024	2.0
744	36241	5.0
659	33709	3.0
38	37881	5.0
334	31002	4.0
19	20373	5.0
202	35493	5.0
570	34994	3.0
707	33726	2.0
282	29455	5.0
430	39200	5.0
377	26369	5.0
631	31876	5.0
479	34577	5.0
798	40423	5.0
575	30553	5.0
196	32109	5.0
77	20916	5.0
570	32433	4.0
763	20609	4.0
983	42232	2.0
535	30552	4.0
367	41959	1.0
142	37290	3.0
701	24620	5.0
880	22669	5.0
391	26114	5.0
779	26607	5.0
709	37259	5.0
180	28526	5.0
981	38098	5.0
454	32857	4.0
792	25941	5.0
180	28343	3.0
194	23657	1.0
811	41661	5.0
983	24406	5.0
465	20374	4.0
81	25432	5.0
479	32493	5.0
26	33808	5.0
330	24695	5.0
358	23357	5.0
514	36488	4.0
346	39535	5.0
317	29886	4.0
811	41694	5.0
370	31823	5.0
231	23993	5.0
484	38223	2.0
171	24049	4.0
888	30361	4.0
347	20601	4.0
17	37993	5.0
463	34501	5.0
407	37857	4.0
463	24608	5.0
478	40607	4.0
523	20609	3.0
541	31871	5.0
431	30877	5.0
315	37785	4.0
267	31805	5.0
569	20368	5.0
703	25423	3.0
485	41558	4.0
330	24442	3.0
271	34930	5.0
938	23600	5.0
922	24655	3.0
589	23800	5.0
848	26265	5.0
569	20374	5.0
291	38170	5.0
62	41959	5.0
227	25309	3.0
181	29217	5.0
385	28308	4.0
478	38016	4.0
569	20364	5.0
28	43071	5.0
514	36210	4.0
382	24078	5.0
767	34762	5.0
477	35634	4.0
473	39447	2.0
514	43105	4.0
962	33661	4.0
141	35249	4.0
168	27185	5.0
504	38071	4.0
506	23877	5.0
407	35777	5.0
489	33010	5.0
880	31966	5.0
891	21922	4.0
741	23917	5.0
980	32016	5.0
817	28266	5.0
293	34901	5.0
857	34392	3.0
396	39990	1.0
753	34101	5.0
164	36722	4.0
461	42071	5.0
594	22412	5.0
380	42487	3.0
541	22397	5.0
577	42477	2.0
47	25115	3.0
640	39165	5.0
965	21865	5.0
285	40943	2.0
510	30210	5.0
577	38926	5.0
553	33638	5.0
390	27792	5.0
811	42600	4.0
471	31012	5.0
648	34672	5.0
763	33220	4.0
893	38989	5.0
514	28572	4.0
832	36946	4.0
409	30393	5.0
648	39211	4.0
793	41017	1.0
696	23269	5.0
603	30439	5.0
70	43883	5.0
413	28959	5.0
203	25572	5.0
753	26501	5.0
513	28939	3.0
361	35483	4.0
485	36946	5.0
997	27979	5.0
698	42972	5.0
429	25903	5.0
485	38687	3.0
878	36875	1.0
436	29750	5.0
429	21492	5.0
419	24889	4.0
290	42365	5.0
14	23390	5.0
909	35778	5.0
514	40381	4.0
512	43765	1.0
20	22620	5.0
319	30665	4.0
961	42115	4.0
26	22199	5.0
400	33528	5.0
380	41717	3.0
618	36906	2.0
618	21277	5.0
335	20891	5.0
221	24568	5.0
614	25622	5.0
881	33512	3.0
741	29966	4.0
594	40998	5.0
14	24395	5.0
265	41096	4.0
385	34736	5.0
17	36875	5.0
610	33259	5.0
689	21874	4.0
72	34918	5.0
813	24873	5.0
859	26880	4.0
758	24067	5.0
763	37785	2.0
594	26274	5.0
473	25069	3.0
740	38098	1.0
635	25068	4.0
421	25335	5.0
654	35557	4.0
527	25351	4.0
346	29876	5.0
102	38588	5.0
850	30640	5.0
575	24474	5.0
741	26689	5.0
230	41759	5.0
913	39852	4.0
983	22603	5.0
634	39633	5.0
779	25197	5.0
412	24934	5.0
501	30816	4.0
340	24590	5.0
501	25765	4.0
390	27509	5.0
882	40256	3.0
181	20333	5.0
909	26208	5.0
436	29888	4.0
356	33832	5.0
893	38447	4.0
945	35013	5.0
575	24953	5.0
891	21917	5.0
909	28220	5.0
795	29851	5.0
588	31523	5.0
774	38447	4.0
858	37758	5.0
913	38294	4.0
292	40745	3.0
894	42734	5.0
320	36192	5.0
552	37171	5.0
811	39598	3.0
860	39427	4.0
689	36980	2.0
953	40929	5.0
309	21491	4.0
417	36694	5.0
648	26368	3.0
424	39104	3.0
664	25304	5.0
162	23959	5.0
634	33609	5.0
81	21037	5.0
47	23986	3.0
983	36134	5.0
882	40552	2.0
401	36735	1.0
129	25031	5.0
209	34997	2.0
203	25227	5.0
50	43042	5.0
174	42255	3.0
414	27285	5.0
441	29745	4.0
600	42330	2.0
388	37802	4.0
745	39123	5.0
792	22623	5.0
443	32099	2.0
820	31468	4.0
567	34540	4.0
747	20889	5.0
186	40366	5.0
538	20497	4.0
530	36800	5.0
590	30705	5.0
927	34627	5.0
534	27460	5.0
502	31779	4.0
710	34512	4.0
264	36662	4.0
436	32393	5.0
152	23863	2.0
534	41237	5.0
124	34621	4.0
116	41611	5.0
233	41537	3.0
959	28309	5.0
340	25866	4.0
385	28732	4.0
569	23215	5.0
246	28236	5.0
76	23874	5.0
569	27916	5.0
339	38812	5.0
102	28458	4.0
142	39999	4.0
29	24620	4.0
763	21491	4.0
570	38471	5.0
523	31009	4.0
246	28507	4.0
833	34190	5.0
824	31474	3.0
720	24034	4.0
860	25042	5.0
505	31039	4.0
284	39105	3.0
132	23852	4.0
443	36795	5.0
861	27015	5.0
424	40936	5.0
954	34438	4.0
861	32140	5.0
363	27960	2.0
335	27024	1.0
3	30818	2.0
18	33014	5.0
476	29347	5.0
400	38253	3.0
969	33241	5.0
495	28722	5.0
538	31524	4.0
21	40339	5.0
176	36365	5.0
114	31472	4.0
501	34266	5.0
519	31699	5.0
654	31701	4.0
983	25031	5.0
705	23086	5.0
741	20132	5.0
330	24295	2.0
247	40550	4.0
514	37914	4.0
196	28034	5.0
988	30210	5.0
983	24634	5.0
527	37826	2.0
283	20435	5.0
525	23761	4.0
866	23697	5.0
891	31900	4.0
893	37784	5.0
312	30636	4.0
247	37241	4.0
764	26273	5.0
248	26530	5.0
569	26043	5.0
874	22709	5.0
43	34053	5.0
808	24888	5.0
150	25022	1.0
35	30708	5.0
433	33623	5.0
702	41829	5.0
81	22539	4.0
894	43895	5.0
449	22552	4.0
563	37784	5.0
340	25060	5.0
694	32210	5.0
514	35770	4.0
741	29917	4.0
746	36331	5.0
625	39857	5.0
340	23280	3.0
949	30939	1.0
227	26275	4.0
534	37491	4.0
726	39384	5.0
444	39529	4.0
32	25700	4.0
661	30475	5.0
329	20241	4.0
632	23357	2.0
292	23993	4.0
440	25308	5.0
519	20757	5.0
408	38812	5.0
748	25487	5.0
340	23239	5.0
699	22552	5.0
137	24656	5.0
828	21901	4.0
22	24141	5.0
569	20365	5.0
26	32621	5.0
657	21309	4.0
515	31543	5.0
253	39477	5.0
127	23831	5.0
471	40584	3.0
812	29767	5.0
307	37484	5.0
454	28778	5.0
668	24437	5.0
863	26645	5.0
607	42132	5.0
779	22376	5.0
283	28614	4.0
340	25508	5.0
741	20512	4.0
246	24762	5.0
564	37873	5.0
340	22452	5.0
107	20019	5.0
786	41731	5.0
245	32687	5.0
263	24314	5.0
397	23286	5.0
384	24242	5.0
174	31972	5.0
335	31003	5.0
463	21949	5.0
836	30969	5.0
385	37367	3.0
227	24484	3.0
816	27374	5.0
433	25917	5.0
160	36939	5.0
724	39501	2.0
70	29482	5.0
26	31504	5.0
467	27069	5.0
805	25269	3.0
552	35746	5.0
81	27767	5.0
122	23096	4.0
265	24532	5.0
676	24046	4.0
218	28250	5.0
650	25978	3.0
528	25522	4.0
280	27964	5.0
33	32761	4.0
610	35322	4.0
792	26645	5.0
202	31303	4.0
319	33687	5.0
225	42111	5.0
842	36509	4.0
724	39839	2.0
23	35906	1.0
146	25065	5.0
570	26269	4.0
551	20447	4.0
120	24252	5.0
505	22158	4.0
618	37073	2.0
634	21913	5.0
881	21539	3.0
50	42255	3.0
535	28769	4.0
68	29711	5.0
981	39200	4.0
570	31860	3.0
616	23626	5.0
813	41619	5.0
893	33907	5.0
478	38318	4.0
618	35963	3.0
656	33917	5.0
675	23430	5.0
513	32385	4.0
970	39072	5.0
575	25304	5.0
164	36903	5.0
476	39794	4.0
50	38971	5.0
142	37663	4.0
511	23020	2.0
675	39166	3.0
476	39595	3.0
813	34045	5.0
514	42853	4.0
259	41879	4.0
19	32220	4.0
424	34910	5.0
906	42774	5.0
822	39152	5.0
570	23307	4.0
643	33715	5.0
319	35656	5.0
865	41870	5.0
514	34597	4.0
171	24071	5.0
372	28370	5.0
893	40027	4.0
660	23436	3.0
50	43371	5.0
168	29519	5.0
267	36548	5.0
873	24595	5.0
522	26547	5.0
469	24579	5.0
152	28534	5.0
79	31553	5.0
339	37263	5.0
848	23357	4.0
105	21130	4.0
106	39857	4.0
205	31459	5.0
849	40963	5.0
55	27438	5.0
887	41396	5.0
944	29753	5.0
306	31058	5.0
562	36495	4.0
466	37894	5.0
471	24410	5.0
996	23486	5.0
59	39655	4.0
293	33642	4.0
848	22374	5.0
393	38812	4.0
741	24532	5.0
81	28266	5.0
49	22366	5.0
810	26076	5.0
223	26653	4.0
741	26604	5.0
784	34551	4.0
543	36946	2.0
846	36155	5.0
420	29517	5.0
888	37144	4.0
228	24078	4.0
8	23279	4.0
340	25871	5.0
302	24176	4.0
70	36594	5.0
500	25345	2.0
640	40583	5.0
710	31524	3.0
340	23537	5.0
113	33488	5.0
152	29180	3.0
303	23491	5.0
371	38046	2.0
168	27187	5.0
99	33015	5.0
695	24071	3.0
541	35088	5.0
70	32672	5.0
768	35968	5.0
111	32111	5.0
952	43989	5.0
248	26527	5.0
564	26033	5.0
848	28727	4.0
865	43144	5.0
570	24610	4.0
345	30862	5.0
400	40443	3.0
428	40044	5.0
329	22588	5.0
343	30973	4.0
514	32109	4.0
514	21199	4.0
979	27909	4.0
227	22562	5.0
905	26124	5.0
321	42402	5.0
916	24624	3.0
142	36875	4.0
291	35371	4.0
594	39311	5.0
151	40816	4.0
837	41320	1.0
968	35952	5.0
540	40150	5.0
491	37290	1.0
696	40572	5.0
495	25920	4.0
410	35801	4.0
811	21099	5.0
763	34045	5.0
820	34481	4.0
983	24239	5.0
81	21070	4.0
621	21666	4.0
934	37308	1.0
74	28398	4.0
183	25517	5.0
869	37784	3.0
49	24761	5.0
514	39368	4.0
572	40122	5.0
276	24558	5.0
779	25476	4.0
628	20916	5.0
584	28097	2.0
424	24012	5.0
12	40491	5.0
319	24110	4.0
770	42681	3.0
332	20993	5.0
594	24813	5.0
527	24131	3.0
163	30292	5.0
703	24611	5.0
989	28173	5.0
882	41044	3.0
349	33477	5.0
397	23292	3.0
26	31591	5.0
265	28235	5.0
288	29831	5.0
585	37996	1.0
6	30367	4.0
860	37043	4.0
904	41452	2.0
713	37073	5.0
993	30948	5.0
630	21381	5.0
173	25663	5.0
88	29773	2.0
82	25421	4.0
181	22856	5.0
953	42696	5.0
810	23399	5.0
619	36421	5.0
729	39079	5.0
303	33608	5.0
441	31663	5.0
70	35289	5.0
673	25032	5.0
424	39894	5.0
663	42477	5.0
275	20057	5.0
668	35256	4.0
66	29624	5.0
554	35779	4.0
81	25426	5.0
507	41159	4.0
514	42745	4.0
758	21910	4.0
340	23255	4.0
735	22549	5.0
424	31663	1.0
135	23325	5.0
358	37178	5.0
608	25404	4.0
983	24267	5.0
514	37561	4.0
455	37682	5.0
26	32683	5.0
811	21441	5.0
162	24914	4.0
865	41581	4.0
240	27460	4.0
514	44006	4.0
479	37748	5.0
671	21576	4.0
392	30613	5.0
50	42600	5.0
567	27752	4.0
397	27559	3.0
401	29996	5.0
496	24878	5.0
513	32531	3.0
469	24048	3.0
811	35881	4.0
175	25138	2.0
676	22476	4.0
978	36490	4.0
160	36875	3.0
242	38646	5.0
194	23478	3.0
978	26046	5.0
644	21240	5.0
471	40912	5.0
357	25367	5.0
913	35993	4.0
329	34379	3.0
132	33501	2.0
604	37561	4.0
648	38363	2.0
884	22332	5.0
910	20454	5.0
227	24650	5.0
570	23375	3.0
78	24388	4.0
377	31940	4.0
292	22004	5.0
2	29773	5.0
460	27704	5.0
8	29186	4.0
659	40550	3.0
953	42756	5.0
906	39112	4.0
416	22581	5.0
646	27494	5.0
514	41252	4.0
399	24737	5.0
292	38098	4.0
956	21558	3.0
752	32572	5.0
937	23292	5.0
979	31092	5.0
243	25697	3.0
303	41460	3.0
133	21661	4.0
624	33077	5.0
424	36599	1.0
741	37100	5.0
436	22004	5.0
379	28197	4.0
292	32024	3.0
538	26377	5.0
83	31759	4.0
79	38447	5.0
82	32471	5.0
741	21729	5.0
62	34568	3.0
135	23328	5.0
800	32490	5.0
831	43264	2.0
21	36068	1.0
112	21265	3.0
283	41945	5.0
447	37187	5.0
436	28845	5.0
350	43247	5.0
501	23799	5.0
414	35551	4.0
645	28026	2.0
489	35447	5.0
230	41915	5.0
514	33306	4.0
514	43321	4.0
287	40626	2.0
443	34436	5.0
462	23184	5.0
157	38919	4.0
471	40447	5.0
0	30279	5.0
538	25664	5.0
570	23357	4.0
81	24538	5.0
87	38325	5.0
29	24797	5.0
818	26297	3.0
551	21575	3.0
615	23826	5.0
38	34910	3.0
594	26448	1.0
43	36299	5.0
283	22581	4.0
424	25234	5.0
443	31868	5.0
608	37882	5.0
814	24695	5.0
677	40267	1.0
681	24680	5.0
882	36394	4.0
473	27228	4.0
589	28694	4.0
569	31677	5.0
582	38098	4.0
570	25004	5.0
594	23276	5.0
410	22533	4.0
181	38908	5.0
81	24285	5.0
273	32308	3.0
64	42645	5.0
53	23657	2.0
535	23692	4.0
340	24259	4.0
741	37519	4.0
848	24239	5.0
418	37776	5.0
285	26233	1.0
924	35484	5.0
347	39300	4.0
482	39869	4.0
181	35384	5.0
891	33154	4.0
111	27740	3.0
312	24340	5.0
341	25646	4.0
758	30716	1.0
815	36491	5.0
340	25791	5.0
783	42477	5.0
656	30517	4.0
929	27471	3.0
274	36093	5.0
259	42213	4.0
435	25168	5.0
531	38638	5.0
14	25063	5.0
423	33363	3.0
806	35884	5.0
105	23706	5.0
491	40745	4.0
340	23403	4.0
734	38130	5.0
514	38918	4.0
91	33893	2.0
486	32084	5.0
197	35629	5.0
424	38160	4.0
709	21917	5.0
385	21368	3.0
292	25259	4.0
227	37297	1.0
860	25056	5.0
217	26121	5.0
350	43067	5.0
25	39965	5.0
298	38329	2.0
884	28683	5.0
796	31876	4.0
195	30447	5.0
485	36332	5.0
703	39300	4.0
569	40993	5.0
654	41401	5.0
228	30672	4.0
602	24447	5.0
164	35902	5.0
880	26993	5.0
298	39248	3.0
495	26086	5.0
821	29992	5.0
658	40417	5.0
722	28445	5.0
388	24434	3.0
875	32116	2.0
965	24753	5.0
563	35407	5.0
216	38260	5.0
471	22273	5.0
511	29684	5.0
132	26635	5.0
321	35124	5.0
508	30281	5.0
496	27217	5.0
16	24743	5.0
490	39384	4.0
371	41075	4.0
404	36262	5.0
340	31367	5.0
70	40817	5.0
514	39078	4.0
72	34284	5.0
332	27027	5.0
267	35866	5.0
243	33826	5.0
395	35770	1.0
811	34343	4.0
989	37134	4.0
424	37926	5.0
334	22621	5.0
145	25213	5.0
848	43242	5.0
323	32857	4.0
81	27097	4.0
479	30408	5.0
980	39205	3.0
889	38098	4.0
570	35531	4.0
484	37880	2.0
424	24049	5.0
817	26645	3.0
437	23902	5.0
955	36398	3.0
128	40918	5.0
791	39203	5.0
157	33854	5.0
364	38140	5.0
327	30559	5.0
237	38080	5.0
59	40585	3.0
407	37469	4.0
551	24360	5.0
578	35438	4.0
680	26075	5.0
547	28820	5.0
751	22180	5.0
577	40330	5.0
514	40491	4.0
44	30281	5.0
691	30198	5.0
916	23841	4.0
655	32385	5.0
575	22589	5.0
159	23184	5.0
569	29338	5.0
419	21241	5.0
853	38668	5.0
823	34048	2.0
951	41972	3.0
385	21558	4.0
99	25910	4.0
388	41684	3.0
835	22716	5.0
785	29877	2.0
505	22979	4.0
283	28401	5.0
313	23450	2.0
191	36029	5.0
557	28497	5.0
779	26359	5.0
505	20709	5.0
570	23860	3.0
388	42487	3.0
100	24013	5.0
410	24478	5.0
825	34570	5.0
162	20070	4.0
495	24653	5.0
543	37134	4.0
811	36616	5.0
622	42646	5.0
90	24966	3.0
141	31010	5.0
980	38646	2.0
149	41753	5.0
283	24625	5.0
180	28632	5.0
514	29430	4.0
931	42706	5.0
407	40216	5.0
790	35561	5.0
815	36424	5.0
710	24137	5.0
781	24776	5.0
137	24666	5.0
331	38315	5.0
521	35055	4.0
109	33470	5.0
579	34092	5.0
54	37049	1.0
514	42114	2.0
283	43987	5.0
162	20377	4.0
809	24257	5.0
813	33991	5.0
218	22649	5.0
522	26526	5.0
944	34417	5.0
710	26135	4.0
98	27419	4.0
740	35906	3.0
853	39269	4.0
698	27425	5.0
741	20123	5.0
13	21071	5.0
741	27397	5.0
853	38862	5.0
93	28990	4.0
516	37643	5.0
353	34059	2.0
811	33201	4.0
505	20936	5.0
848	23930	4.0
26	39662	5.0
514	42573	4.0
102	38033	5.0
227	24367	4.0
319	43903	5.0
569	26290	5.0
566	24749	5.0
350	43172	5.0
107	27977	4.0
160	37297	4.0
299	26104	5.0
569	37261	5.0
882	20995	5.0
81	29490	4.0
854	26074	5.0
811	39551	4.0
570	27565	5.0
648	38527	3.0
696	23989	5.0
514	44015	4.0
716	40506	4.0
976	31515	4.0
92	37049	5.0
339	34792	4.0
569	21548	5.0
340	24608	5.0
13	23184	5.0
194	26912	1.0
996	23363	4.0
377	35047	5.0
286	23220	5.0
631	36987	1.0
544	21315	1.0
779	24818	3.0
637	21533	5.0
793	21163	4.0
244	22703	5.0
485	40266	4.0
15	37795	5.0
246	23938	4.0
634	35268	1.0
755	32717	4.0
335	33681	1.0
570	25883	3.0
501	25040	5.0
882	36211	4.0
194	23184	4.0
560	37753	4.0
618	35574	4.0
197	25882	5.0
14	24146	5.0
863	24525	5.0
690	38368	4.0
427	38654	5.0
583	41960	4.0
664	21234	3.0
388	31787	4.0
227	35697	5.0
527	36839	5.0
26	31557	4.0
180	28738	5.0
811	39213	5.0
893	35316	4.0
142	37565	3.0
593	25183	5.0
531	36869	5.0
50	32468	4.0
848	33474	5.0
133	26843	5.0
538	22722	5.0
340	23859	3.0
64	42239	4.0
514	43665	4.0
567	27227	4.0
75	24655	5.0
813	22418	5.0
483	26042	5.0
175	23675	3.0
13	21033	5.0
81	27752	4.0
892	25906	4.0
885	21440	5.0
974	38241	5.0
377	29717	5.0
407	36722	4.0
388	41252	3.0
591	29685	5.0
520	38678	3.0
653	22554	5.0
538	26217	5.0
514	42728	4.0
941	21492	5.0
199	39569	3.0
530	34910	2.0
35	36967	5.0
367	41345	5.0
343	36378	4.0
248	27438	5.0
963	23769	5.0
175	22705	5.0
330	27755	4.0
832	21500	4.0
746	35728	5.0
451	24576	5.0
848	33247	4.0
736	26479	5.0
547	30796	4.0
410	36613	4.0
982	34516	5.0
744	27102	5.0
54	37071	1.0
873	29728	4.0
278	21098	5.0
586	27887	5.0
5	42413	5.0
882	39816	4.0
985	27806	5.0
283	30204	5.0
569	20348	5.0
656	36460	5.0
717	23089	4.0
102	28515	5.0
973	35343	4.0
15	38198	4.0
523	42545	5.0
362	24373	5.0
407	38908	4.0
189	29759	5.0
755	20023	5.0
398	41056	5.0
405	36528	4.0
888	35012	5.0
376	26645	5.0
81	21505	5.0
366	26635	5.0
44	31858	5.0
736	25364	5.0
81	25522	4.0
461	38865	5.0
440	29284	5.0
787	34579	3.0
180	28636	5.0
676	23483	4.0
307	37178	5.0
909	40897	5.0
414	34287	4.0
275	36846	5.0
674	23637	3.0
551	36259	5.0
918	41179	5.0
138	38268	5.0
835	32554	5.0
882	23214	5.0
466	38025	4.0
486	29772	5.0
760	23349	4.0
252	27659	5.0
498	25331	5.0
504	35775	2.0
769	30053	5.0
793	41045	3.0
892	35879	5.0
414	25068	4.0
377	26377	4.0
438	32308	5.0
741	23264	5.0
907	32082	5.0
323	35791	5.0
596	37177	1.0
334	25369	3.0
828	34839	5.0
181	35451	5.0
105	21243	5.0
340	20947	5.0
340	30475	3.0
397	27558	4.0
365	31003	5.0
648	40603	5.0
304	39427	5.0
443	36777	5.0
866	27058	4.0
385	24319	5.0
848	27548	4.0
856	31426	4.0
127	21517	5.0
491	32677	3.0
340	24646	5.0
61	21098	5.0
521	32579	5.0
401	25622	5.0
951	41151	5.0
117	23096	5.0
23	37642	4.0
406	22703	4.0
26	37421	5.0
26	27813	5.0
163	31822	4.0
676	43678	2.0
407	38415	3.0
751	23295	5.0
796	35906	4.0
652	21492	5.0
392	30796	5.0
514	41158	4.0
363	38249	3.0
570	43800	3.0
746	33206	4.0
89	37916	5.0
918	30589	3.0
26	33745	5.0
501	37459	5.0
117	41075	5.0
98	37736	5.0
182	29421	5.0
501	43599	3.0
230	35650	5.0
48	28762	5.0
103	25345	5.0
443	40586	5.0
514	41343	4.0
524	39253	5.0
697	39074	3.0
330	28238	5.0
889	42232	4.0
400	23477	5.0
411	38448	4.0
180	28634	3.0
688	33391	5.0
319	42291	4.0
613	28502	5.0
411	35952	3.0
491	34192	4.0
362	21533	5.0
446	36875	5.0
104	38201	4.0
741	26406	5.0
848	24270	5.0
148	28050	5.0
578	35026	3.0
646	28848	5.0
575	21590	4.0
329	33623	4.0
920	25639	5.0
741	40065	5.0
447	22584	5.0
505	22983	5.0
340	29762	5.0
680	36111	4.0
426	37475	5.0
514	43088	4.0
510	24208	5.0
896	35347	4.0
891	39341	5.0
633	22439	4.0
283	25012	5.0
192	34834	5.0
469	21247	3.0
20	23982	5.0
331	21279	5.0
546	37449	5.0
334	34627	1.0
504	23113	4.0
760	23450	5.0
355	26636	5.0
665	24856	5.0
428	35524	5.0
674	31474	4.0
485	37158	5.0
334	32385	5.0
514	35379	3.0
564	42874	5.0
232	35253	4.0
600	40910	2.0
146	26305	4.0
533	24530	5.0
813	24532	5.0
692	33725	4.0
570	23261	5.0
588	32588	4.0
397	31766	4.0
83	33168	5.0
587	26043	5.0
471	39850	4.0
933	41297	4.0
569	26061	5.0
249	38098	5.0
889	34192	5.0
663	23715	5.0
711	39300	4.0
770	41794	3.0
505	26474	5.0
410	23420	4.0
28	38158	5.0
397	36480	3.0
505	21758	5.0
83	31802	4.0
594	23923	5.0
181	21291	5.0
424	42132	4.0
648	38733	3.0
14	26754	5.0
166	25465	5.0
471	36930	4.0
620	35646	4.0
396	43002	2.0
496	23769	5.0
263	31663	5.0
583	42907	4.0
471	41050	5.0
575	24591	3.0
478	24385	5.0
97	21431	2.0
237	35129	4.0
334	32676	5.0
813	25709	5.0
101	24975	5.0
481	43000	4.0
760	22620	5.0
310	32878	5.0
679	22273	4.0
303	38315	5.0
608	29504	3.0
743	40302	4.0
863	22440	5.0
330	22771	5.0
322	28332	5.0
13	23284	5.0
628	22724	5.0
295	31459	5.0
654	38578	4.0
484	24579	5.0
738	38957	5.0
741	34978	5.0
64	34512	5.0
258	31472	3.0
981	33676	3.0
793	34526	2.0
177	43032	3.0
779	20125	5.0
567	31744	4.0
567	32273	5.0
145	23947	5.0
435	39322	5.0
415	34616	5.0
449	22524	5.0
356	33346	3.0
199	34661	1.0
90	28612	5.0
538	22727	5.0
866	28145	2.0
241	25522	5.0
668	39987	5.0
379	26981	4.0
741	26679	5.0
19	23228	5.0
620	26705	5.0
401	35748	4.0
678	28729	5.0
882	38098	4.0
181	25040	5.0
882	36290	3.0
75	36587	5.0
816	31848	5.0
338	25308	5.0
456	42982	5.0
559	21251	5.0
834	29757	4.0
570	33262	4.0
162	36962	4.0
142	40525	4.0
753	30368	5.0
255	37976	5.0
386	23460	1.0
429	23383	5.0
753	26494	5.0
848	24316	3.0
407	37755	5.0
911	36442	4.0
40	37758	1.0
13	25078	5.0
289	25331	5.0
589	43920	4.0
160	37290	1.0
690	34497	5.0
759	39064	2.0
38	24071	5.0
86	39203	2.0
334	32997	5.0
551	22624	5.0
76	24724	4.0
341	21364	5.0
813	24866	4.0
98	30192	5.0
729	38304	5.0
143	24797	5.0
848	31970	2.0
340	21492	5.0
659	28662	3.0
424	21492	5.0
954	29955	4.0
952	39204	5.0
956	20372	5.0
97	24281	5.0
465	21538	5.0
38	37474	4.0
44	33759	4.0
981	39578	4.0
424	38325	4.0
193	22445	5.0
61	21275	5.0
604	37071	5.0
59	24460	5.0
582	25643	4.0
676	27011	4.0
676	31169	3.0
495	23697	5.0
438	34813	4.0
757	33564	5.0
469	24559	5.0
538	23167	5.0
526	36441	5.0
676	20324	2.0
583	42188	3.0
648	36275	2.0
400	39990	4.0
224	31549	5.0
219	40745	5.0
554	28692	4.0
509	40042	5.0
776	26363	4.0
377	23109	5.0
858	37784	1.0
334	20498	4.0
510	30645	5.0
966	26449	5.0
640	30709	5.0
975	24847	4.0
233	29215	4.0
175	41615	4.0
795	38513	2.0
817	32780	5.0
487	26618	4.0
544	31088	5.0
835	26730	4.0
81	24468	5.0
666	27022	5.0
317	22571	5.0
577	39532	5.0
340	30709	5.0
569	28062	5.0
793	27494	1.0
986	24078	4.0
708	34069	5.0
979	37078	5.0
919	38336	5.0
945	35563	5.0
12	41734	5.0
322	31554	5.0
811	36892	4.0
400	37067	5.0
982	37065	5.0
570	24287	4.0
330	24271	5.0
514	38316	4.0
741	20129	5.0
196	43088	1.0
0	33783	5.0
820	35866	5.0
985	33424	5.0
755	24386	5.0
669	23560	4.0
864	38646	5.0
105	24695	5.0
322	21393	3.0
844	30243	5.0
190	25373	4.0
668	28097	5.0
99	30139	2.0
19	25622	5.0
99	24726	5.0
703	23337	5.0
741	26163	4.0
377	30835	5.0
393	37043	3.0
984	22998	5.0
648	41688	4.0
884	28658	5.0
963	39664	5.0
375	25063	5.0
14	39951	4.0
81	29879	4.0
251	31474	1.0
503	36480	5.0
594	25089	2.0
514	24065	4.0
308	34492	5.0
532	22705	5.0
403	36967	5.0
478	36340	4.0
964	33951	4.0
655	36442	5.0
137	31433	5.0
960	39427	5.0
340	24511	4.0
940	20893	5.0
575	20304	5.0
115	22660	3.0
48	23470	5.0
801	29280	4.0
5	40917	5.0
869	42477	4.0
712	36376	5.0
181	23900	5.0
761	23840	5.0
799	24354	5.0
406	21099	5.0
889	36939	3.0
569	26119	5.0
741	25103	5.0
969	25213	4.0
509	33774	5.0
845	39597	5.0
569	26056	5.0
866	31430	2.0
73	35695	4.0
685	28868	2.0
407	37753	4.0
102	29395	3.0
188	30771	5.0
340	23328	5.0
898	28769	4.0
847	41401	4.0
899	41493	4.0
181	31131	5.0
514	33006	4.0
85	22206	3.0
388	36624	5.0
81	24485	5.0
471	38908	5.0
207	40461	4.0
60	22373	5.0
635	22524	5.0
848	38956	4.0
493	40525	5.0
535	25069	4.0
893	31643	5.0
176	39535	5.0
452	38743	1.0
327	40319	5.0
246	26446	3.0
891	38862	4.0
659	25428	4.0
567	24749	5.0
569	23018	5.0
477	38112	3.0
101	43079	4.0
741	23980	5.0
505	21742	5.0
374	38052	4.0
485	40758	4.0
838	43186	5.0
323	43231	1.0
514	43956	4.0
505	32244	4.0
601	37533	4.0
103	26345	5.0
636	25022	1.0
813	35594	5.0
26	24182	5.0
410	42477	3.0
193	41769	5.0
302	36176	5.0
39	29913	5.0
195	33246	4.0
36	41491	3.0
612	22817	5.0
889	39868	4.0
56	24388	5.0
81	34839	4.0
904	40436	5.0
352	23218	5.0
568	30619	5.0
170	29908	5.0
899	40098	5.0
152	32177	5.0
805	21522	4.0
194	36856	2.0
544	40153	5.0
26	33664	4.0
793	20567	2.0
889	41456	4.0
64	40937	4.0
908	38908	4.0
735	36245	4.0
13	25129	4.0
694	25331	5.0
124	35438	5.0
961	42632	2.0
740	33266	1.0
842	40833	5.0
424	39105	4.0
879	31026	5.0
569	26058	5.0
741	42081	5.0
498	33241	4.0
81	25093	5.0
566	37049	5.0
377	24614	5.0
518	25698	5.0
684	24664	5.0
610	31696	3.0
904	41493	5.0
501	24646	5.0
685	25308	2.0
13	25832	4.0
569	20355	5.0
82	27689	5.0
385	31234	4.0
137	21254	5.0
938	25588	5.0
78	24484	4.0
70	25516	5.0
70	24681	5.0
758	21492	3.0
882	42255	4.0
514	40097	4.0
170	36013	4.0
505	21343	5.0
775	30653	5.0
466	38270	5.0
832	21098	5.0
388	26345	5.0
987	28798	2.0
397	23484	3.0
505	27593	5.0
575	24534	2.0
957	21521	2.0
592	41285	5.0
760	24834	4.0
505	21943	5.0
270	40835	5.0
356	34290	5.0
866	20981	4.0
340	24797	5.0
424	39850	4.0
89	36402	4.0
514	41032	4.0
994	37897	3.0
340	38406	5.0
848	24680	5.0
624	21267	4.0
541	23680	5.0
567	22439	3.0
960	38046	5.0
891	38769	5.0
283	42506	5.0
388	33376	5.0
208	37758	1.0
36	42477	4.0
13	25096	4.0
418	28821	5.0
960	37564	5.0
385	21267	5.0
355	39274	4.0
465	20361	5.0
696	22663	5.0
81	25421	4.0
531	36388	5.0
667	23388	5.0
221	22640	5.0
56	39692	5.0
453	23908	5.0
639	38651	4.0
514	21372	4.0
81	21517	5.0
389	37048	2.0
93	28152	5.0
714	42856	3.0
570	39407	3.0
42	37758	4.0
965	24969	4.0
914	23349	5.0
579	23033	4.0
726	38223	5.0
514	40438	4.0
514	44018	4.0
524	43708	5.0
570	28227	5.0
340	24639	5.0
81	29440	4.0
8	23505	5.0
339	23457	5.0
624	28817	4.0
341	28965	4.0
584	24761	4.0
368	31804	3.0
6	38539	4.0
192	38294	5.0
429	38607	5.0
81	34398	4.0
514	42678	5.0
181	25020	5.0
662	35098	4.0
631	21391	5.0
422	21441	5.0
763	22452	2.0
151	22129	5.0
329	24806	5.0
287	40745	3.0
440	23245	5.0
986	28939	5.0
236	24777	5.0
761	27242	5.0
464	25501	4.0
9	22642	5.0
17	38735	5.0
967	40097	5.0
811	20363	5.0
105	37276	5.0
511	36875	1.0
19	30388	4.0
743	39951	4.0
514	24071	5.0
2	33738	1.0
703	37758	4.0
139	42572	3.0
615	37876	4.0
913	32840	3.0
919	34565	5.0
501	33014	5.0
19	31781	5.0
620	36950	4.0
74	25404	3.0
30	24147	5.0
397	21123	3.0
424	21522	5.0
76	33502	5.0
408	37266	5.0
269	24344	5.0
415	43143	4.0
484	21099	3.0
570	25791	4.0
881	35088	3.0
490	41096	4.0
246	26340	5.0
408	37049	5.0
140	32134	2.0
91	32529	3.0
535	23390	5.0
514	41285	4.0
517	36413	4.0
283	38910	5.0
673	30975	5.0
880	32818	5.0
631	26328	5.0
317	27238	4.0
688	32114	5.0
96	42117	5.0
943	21896	5.0
340	39902	4.0
541	21848	5.0
946	24060	5.0
401	26043	5.0
789	23692	5.0
227	27532	5.0
669	24367	3.0
928	21125	5.0
753	33279	5.0
908	34107	4.0
408	37876	5.0
594	25040	5.0
352	28947	5.0
543	37266	2.0
575	33455	5.0
145	20584	5.0
322	22562	4.0
538	27365	3.0
424	37474	4.0
760	24680	4.0
213	28782	4.0
382	29684	4.0
407	35551	5.0
570	37848	5.0
854	26073	5.0
569	30281	5.0
779	20009	5.0
678	22544	5.0
880	26232	5.0
781	24689	3.0
648	32341	4.0
380	41121	5.0
188	30147	5.0
388	29887	4.0
236	38863	1.0
365	20994	5.0
486	24417	5.0
807	31450	3.0
341	23835	4.0
26	31487	5.0
432	37784	5.0
502	21208	5.0
775	33949	5.0
741	23886	5.0
862	25579	5.0
561	32550	4.0
24	41569	5.0
330	22857	5.0
765	41670	5.0
498	28037	5.0
848	26273	5.0
698	43398	5.0
100	22003	5.0
240	22356	5.0
515	25037	5.0
182	37143	3.0
848	22188	4.0
514	41163	4.0
377	25840	5.0
514	41542	4.0
14	22554	5.0
390	27510	5.0
466	38743	3.0
951	34615	5.0
778	28282	3.0
664	24263	5.0
689	20408	3.0
991	31573	2.0
411	35942	4.0
621	21735	4.0
514	40204	4.0
951	38694	4.0
704	29273	4.0
130	27545	4.0
93	31140	4.0
652	23882	5.0
599	42828	5.0
481	38119	3.0
229	22523	4.0
514	24453	5.0
258	21269	5.0
681	32116	5.0
338	25270	5.0
568	29684	3.0
737	25522	4.0
963	36791	5.0
581	32938	5.0
878	37049	3.0
707	38050	5.0
136	41074	5.0
283	42973	5.0
741	30313	5.0
421	28079	5.0
252	27653	5.0
845	39706	5.0
983	23257	5.0
432	35317	5.0
860	43387	5.0
432	29007	4.0
592	21410	5.0
54	36875	1.0
467	20916	5.0
540	34162	5.0
205	32612	5.0
312	30972	4.0
262	39185	5.0
254	28799	5.0
239	34978	2.0
811	36336	4.0
905	21287	1.0
134	33055	4.0
73	43150	5.0
559	25518	5.0
97	24243	5.0
983	30050	5.0
298	39900	5.0
866	28253	4.0
466	38840	1.0
578	33497	4.0
6	37525	4.0
675	32871	2.0
173	37999	5.0
535	28551	4.0
414	24458	5.0
311	21280	5.0
643	20362	4.0
648	34418	4.0
882	40386	4.0
340	43338	5.0
779	24987	4.0
807	30502	5.0
340	25071	3.0
81	21071	5.0
407	40661	4.0
570	24571	4.0
224	24683	5.0
9	30708	4.0
340	24361	5.0
865	23243	5.0
501	26652	4.0
279	35692	5.0
616	25548	5.0
873	34403	5.0
751	29607	5.0
570	20413	5.0
592	21099	5.0
62	39620	5.0
227	24365	4.0
377	28085	4.0
429	25040	5.0
180	26167	5.0
235	34839	5.0
669	23448	5.0
142	40151	2.0
664	25345	5.0
880	20891	5.0
154	40012	4.0
466	39405	4.0
469	35679	3.0
248	29931	5.0
866	27422	5.0
654	35816	5.0
202	31029	2.0
384	24437	5.0
45	24473	5.0
618	22726	5.0
894	42245	5.0
794	26103	5.0
194	37880	2.0
283	24339	4.0
623	23291	5.0
933	29684	4.0
501	40721	5.0
785	30740	4.0
4	31652	4.0
959	29650	5.0
505	24269	5.0
132	34182	5.0
514	32622	5.0
181	22642	5.0
377	30993	5.0
283	29297	5.0
651	27045	4.0
260	40124	4.0
230	29944	5.0
549	21829	5.0
529	25004	3.0
92	35952	5.0
519	31854	4.0
340	24592	5.0
505	26461	4.0
514	24651	5.0
407	37559	5.0
527	20108	4.0
882	36395	3.0
763	31828	5.0
522	22356	5.0
889	40306	4.0
414	24985	2.0
300	24534	3.0
168	24147	5.0
835	27172	4.0
898	21067	4.0
397	36636	4.0
443	28938	5.0
911	33237	5.0
351	29691	5.0
491	30281	5.0
860	33935	5.0
627	40745	5.0
63	32028	5.0
130	27904	4.0
340	22164	5.0
244	26646	2.0
195	32339	5.0
254	33643	4.0
624	26313	5.0
589	32984	3.0
421	20597	5.0
382	25369	5.0
678	27548	5.0
904	40126	3.0
976	25334	4.0
286	26042	5.0
303	34551	5.0
848	30626	4.0
946	23903	5.0
472	26348	5.0
142	37297	4.0
869	41285	5.0
277	34741	5.0
299	25489	5.0
39	21099	5.0
904	39375	5.0
105	21244	5.0
198	37019	5.0
40	38223	1.0
575	20892	4.0
747	31843	5.0
340	25873	4.0
340	24532	5.0
357	26893	5.0
510	41157	5.0
648	38198	4.0
466	38457	1.0
274	34328	5.0
575	22583	5.0
570	30755	4.0
88	20985	3.0
501	43702	4.0
753	32950	5.0
410	42885	1.0
328	37882	5.0
504	25616	5.0
280	37780	5.0
531	35865	5.0
773	25431	5.0
288	42498	5.0
81	24478	4.0
277	37878	5.0
478	35346	5.0
86	25065	5.0
641	23314	5.0
306	41047	5.0
403	33638	3.0
0	39116	5.0
969	30103	5.0
411	35775	2.0
388	30982	4.0
949	24012	5.0
466	38102	5.0
514	39806	4.0
329	20580	3.0
561	22417	5.0
819	35579	5.0
501	38243	2.0
514	24825	4.0
469	33726	2.0
873	36906	3.0
26	40850	5.0
564	24286	5.0
659	30662	3.0
535	21969	4.0
491	38098	5.0
491	28845	4.0
357	25360	4.0
882	41837	3.0
17	34918	5.0
570	24707	4.0
409	30680	4.0
933	37758	3.0
948	39181	5.0
70	22168	5.0
167	28466	5.0
745	39269	5.0
813	34542	5.0
443	35833	5.0
649	30049	2.0
12	40276	5.0
108	23986	5.0
168	31776	4.0
642	36939	5.0
164	35521	5.0
414	25093	5.0
968	41846	5.0
356	32358	5.0
397	35815	5.0
104	41971	5.0
937	23348	5.0
544	41291	5.0
848	21400	4.0
221	31448	5.0
162	31544	3.0
813	34571	4.0
966	34885	2.0
264	32297	4.0
567	30349	4.0
195	32674	4.0
514	41045	4.0
180	28635	3.0
883	38447	5.0
182	37758	5.0
8	22447	5.0
72	34422	5.0
340	20674	5.0
516	36050	5.0
340	25867	4.0
702	42292	5.0
815	38086	5.0
351	23021	5.0
93	24508	5.0
459	38735	5.0
81	22577	4.0
321	34774	1.0
514	30228	2.0
514	34266	4.0
846	33715	5.0
983	21198	5.0
479	29828	4.0
594	31501	2.0
501	21616	5.0
347	24673	5.0
162	23405	4.0
340	22554	5.0
175	25066	2.0
779	21569	4.0
168	21697	5.0
234	43248	5.0
168	24730	5.0
26	31717	5.0
430	40745	5.0
294	34687	5.0
639	38484	5.0
335	24427	5.0
295	29924	5.0
368	32598	5.0
514	39664	4.0
870	34434	5.0
389	42689	3.0
967	24361	5.0
414	21793	4.0
811	37333	5.0
569	28134	5.0
848	22475	4.0
663	26243	5.0
562	41837	4.0
76	23454	5.0
20	23769	5.0
561	37542	5.0
842	35023	3.0
522	24446	5.0
166	34630	5.0
15	27473	5.0
779	25396	5.0
620	38325	4.0
6	36900	4.0
273	31981	5.0
176	40572	3.0
337	24159	5.0
340	25365	4.0
220	25409	5.0
605	43196	5.0
624	29686	5.0
595	26183	4.0
471	28358	5.0
865	41670	5.0
359	22552	5.0
935	22244	5.0
810	39277	5.0
407	41736	3.0
994	37881	4.0
400	36967	4.0
569	24036	4.0
986	29684	3.0
324	40921	5.0
154	43030	5.0
59	24620	4.0
140	31787	3.0
231	24606	5.0
648	34148	4.0
136	40640	5.0
414	21221	4.0
322	38664	5.0
975	24688	5.0
923	33098	4.0
189	29299	5.0
882	37673	4.0
848	24630	5.0
14	25494	5.0
223	23184	3.0
882	23231	4.0
741	24114	5.0
813	40429	5.0
334	24331	5.0
347	41921	4.0
775	28864	5.0
314	42948	4.0
813	32084	5.0
546	34477	5.0
469	42477	1.0
509	33304	4.0
860	23845	5.0
347	30701	4.0
340	25477	5.0
33	43997	5.0
746	31003	5.0
733	23448	4.0
281	32871	4.0
107	42315	4.0
946	23613	5.0
866	23615	5.0
156	29717	3.0
397	38341	5.0
179	33341	1.0
519	23635	5.0
283	26539	5.0
8	23955	5.0
340	25548	5.0
476	39813	5.0
29	24579	5.0
556	34123	3.0
64	36077	5.0
460	29698	5.0
519	26479	5.0
496	36657	1.0
624	38575	5.0
594	25574	5.0
524	40782	5.0
880	26992	3.0
800	35852	4.0
505	20717	3.0
397	20912	4.0
538	20916	5.0
316	31747	5.0
769	25226	5.0
142	40257	3.0
201	25667	3.0
569	20537	5.0
283	23886	5.0
82	27721	5.0
261	21566	4.0
882	31026	4.0
975	24696	5.0
485	23543	5.0
227	21081	5.0
340	24404	5.0
548	25427	5.0
811	39813	3.0
980	37204	3.0
451	29369	4.0
80	25626	4.0
218	23769	5.0
283	43395	4.0
424	43784	5.0
168	21674	5.0
661	31886	4.0
300	26086	5.0
853	30748	5.0
984	26393	2.0
156	32615	3.0
535	21970	4.0
531	30776	5.0
514	43527	5.0
826	25715	4.0
407	33955	4.0
429	25039	5.0
14	22528	5.0
62	35906	5.0
340	23261	4.0
811	22524	4.0
505	31198	5.0
712	40716	5.0
514	38960	4.0
848	23346	5.0
571	21599	5.0
994	37733	4.0
977	21146	4.0
283	21860	4.0
326	24962	1.0
200	39054	5.0
383	30172	5.0
925	35906	1.0
348	42739	5.0
244	30147	5.0
175	39701	5.0
928	30790	2.0
117	37266	2.0
756	37703	5.0
424	42501	4.0
882	35306	3.0
319	27556	4.0
457	41455	5.0
214	21517	5.0
269	34392	4.0
366	24374	5.0
564	35697	4.0
447	37758	5.0
418	34615	5.0
787	28253	4.0
381	24316	3.0
151	22419	4.0
397	21994	3.0
563	37785	5.0
902	21545	5.0
928	30936	5.0
369	21571	5.0
813	23232	5.0
167	32600	5.0
340	23240	5.0
565	36344	1.0
407	24651	5.0
152	22272	3.0
856	23715	5.0
570	41043	4.0
505	31817	5.0
340	42626	5.0
207	27788	4.0
626	35751	4.0
514	42112	4.0
548	34107	5.0
986	22719	5.0
779	30739	4.0
292	41345	3.0
89	38556	5.0
362	30165	5.0
538	25661	5.0
631	35549	5.0
340	20063	4.0
559	39598	4.0
266	20563	5.0
194	23252	4.0
236	43597	5.0
14	25658	5.0
629	42906	3.0
160	37049	1.0
679	21222	5.0
215	21275	5.0
514	36217	4.0
105	24650	5.0
330	26527	5.0
713	36275	3.0
26	27641	5.0
69	20295	5.0
575	23335	4.0
218	23113	4.0
581	40010	5.0
893	32454	5.0
340	36971	5.0
756	37689	5.0
2	37707	5.0
741	38268	5.0
180	28524	4.0
882	38527	2.0
607	36898	5.0
721	28468	5.0
779	35907	3.0
538	27995	2.0
181	30457	5.0
421	30618	5.0
13	23243	4.0
406	24712	5.0
396	42527	5.0
546	32379	5.0
81	28782	4.0
944	26514	1.0
741	29033	5.0
559	22408	5.0
81	23270	4.0
297	25240	5.0
60	22374	5.0
26	29673	5.0
95	38112	4.0
385	23694	4.0
199	38346	1.0
230	35459	5.0
56	21565	5.0
453	35687	4.0
347	26311	5.0
345	28939	5.0
578	34615	4.0
533	37266	5.0
689	38239	2.0
309	21500	5.0
84	26043	5.0
490	41348	4.0
79	38368	5.0
497	32655	3.0
46	31313	5.0
248	28932	4.0
361	25331	5.0
329	29710	3.0
26	28830	5.0
567	24065	5.0
540	40222	5.0
385	24860	4.0
206	21302	5.0
424	40525	5.0
570	23555	5.0
139	32114	5.0
487	25308	5.0
77	42001	4.0
340	27285	5.0
904	35612	5.0
345	28023	5.0
79	37469	5.0
206	33626	5.0
77	31913	4.0
514	42044	4.0
904	41348	3.0
663	26073	5.0
658	42012	4.0
369	24004	5.0
372	28369	5.0
570	38015	4.0
514	38535	5.0
312	30412	5.0
175	24272	5.0
81	25039	5.0
446	37297	5.0
340	25509	5.0
514	41606	4.0
604	35882	5.0
813	21052	5.0
917	24631	5.0
397	27994	4.0
227	28737	4.0
142	37254	3.0
741	20677	5.0
581	33424	5.0
409	28024	5.0
677	41559	5.0
583	43114	4.0
284	24817	5.0
178	26451	5.0
490	42600	4.0
59	36479	4.0
758	22547	5.0
207	43046	3.0
10	35604	3.0
81	28026	5.0
689	27467	5.0
486	25040	5.0
997	28788	5.0
668	39180	5.0
143	38951	5.0
268	23665	5.0
943	29717	5.0
246	27497	5.0
222	25009	4.0
81	22604	4.0
960	39038	5.0
966	24449	5.0
542	33638	2.0
408	39038	4.0
48	30626	5.0
254	27761	5.0
385	24053	4.0
811	39659	4.0
377	28495	4.0
377	29450	4.0
838	41519	5.0
913	22440	4.0
338	27564	5.0
26	27616	5.0
849	24754	5.0
165	23769	5.0
995	40745	5.0
514	33968	3.0
522	22421	5.0
889	41848	4.0
983	31512	5.0
885	38646	5.0
570	32853	5.0
46	22180	5.0
982	34877	1.0
595	43728	5.0
634	40182	5.0
623	22357	5.0
692	36331	5.0
546	36609	5.0
81	20322	5.0
340	25870	5.0
953	40843	5.0
439	21222	5.0
326	23427	1.0
812	21272	5.0
887	36868	4.0
46	41277	5.0
142	34758	5.0
525	32546	5.0
2	41633	2.0
741	22379	4.0
441	24050	2.0
830	28025	4.0
340	25278	5.0
121	21092	5.0
256	34474	4.0
123	41397	5.0
514	32409	4.0
76	33403	5.0
81	32109	5.0
353	36657	5.0
897	21521	4.0
56	36839	5.0
181	23852	5.0
592	43301	5.0
26	34558	5.0
609	20241	5.0
927	32603	5.0
841	25999	5.0
400	21274	4.0
347	21991	4.0
283	41950	4.0
471	25262	5.0
105	24776	5.0
882	28126	4.0
514	42572	4.0
789	24129	5.0
579	29462	3.0
866	28245	4.0
749	38089	5.0
112	41709	4.0
668	24752	5.0
960	37664	3.0
568	28939	5.0
752	33236	5.0
386	28826	2.0
26	36928	5.0
974	38740	5.0
811	39337	4.0
741	30042	4.0
763	26086	3.0
404	42174	5.0
441	31870	3.0
173	40681	4.0
703	34034	5.0
283	24737	5.0
538	22268	5.0
259	42781	4.0
514	35366	3.0
424	33715	5.0
618	35442	4.0
882	26063	4.0
70	37389	5.0
177	43000	2.0
694	37706	3.0
615	30447	5.0
904	39156	1.0
514	27491	4.0
443	28080	5.0
553	31501	5.0
569	29611	5.0
491	39951	3.0
343	30939	5.0
89	36491	1.0
568	22266	3.0
457	39669	5.0
897	28782	4.0
133	36293	5.0
495	24149	3.0
408	38119	4.0
443	25259	5.0
100	32983	5.0
88	32016	3.0
175	23390	5.0
179	37906	4.0
152	26723	5.0
594	25308	5.0
405	34542	5.0
329	30265	3.0
598	24028	5.0
388	39371	5.0
283	24361	5.0
340	24272	4.0
550	40574	5.0
370	32329	5.0
124	30672	1.0
283	38617	4.0
656	41097	4.0
648	38921	2.0
432	32379	4.0
340	23834	5.0
387	26673	3.0
492	23338	4.0
377	23784	4.0
81	24563	5.0
891	36421	4.0
398	35789	5.0
335	31788	5.0
490	39857	2.0
371	25105	4.0
629	40265	5.0
154	37441	5.0
401	24578	5.0
586	29684	5.0
330	26563	4.0
501	28918	5.0
110	41672	5.0
896	32897	4.0
874	31500	5.0
550	38646	1.0
741	42920	5.0
774	23282	3.0
34	23928	5.0
594	37143	5.0
264	35692	1.0
267	33558	5.0
59	35031	4.0
101	23368	5.0
485	41242	5.0
98	22561	5.0
861	28701	5.0
673	34192	5.0
541	28707	5.0
867	30862	5.0
991	28010	4.0
352	35524	5.0
784	24592	4.0
194	20757	4.0
706	37589	5.0
283	39227	4.0
274	35144	5.0
81	25075	5.0
149	38908	4.0
688	26307	5.0
684	24660	5.0
526	24027	5.0
501	25427	5.0
474	24379	5.0
215	25308	5.0
29	32895	4.0
741	26804	5.0
628	21275	5.0
283	38578	5.0
98	34770	5.0
341	34205	4.0
655	24791	5.0
21	32958	1.0
335	32425	4.0
89	21441	5.0
113	21925	4.0
634	28858	5.0
471	39547	4.0
340	25316	5.0
538	20487	5.0
468	25278	5.0
524	39118	5.0
806	34724	5.0
385	28605	5.0
584	22584	2.0
587	22173	5.0
153	38651	5.0
160	29970	5.0
297	38842	5.0
216	39657	5.0
6	37529	4.0
70	41256	5.0
514	30322	5.0
882	20345	5.0
648	35544	4.0
166	36389	5.0
357	24221	5.0
699	42505	5.0
986	20916	3.0
303	41099	3.0
340	21855	5.0
682	24559	5.0
340	20436	4.0
97	38084	4.0
618	21484	4.0
432	24749	5.0
397	23338	2.0
340	32433	5.0
746	41861	5.0
702	40918	5.0
274	33946	5.0
999	24830	5.0
340	24655	5.0
715	24290	2.0
329	37776	3.0
882	20318	3.0
994	37930	4.0
356	34456	5.0
731	35874	3.0
779	24257	4.0
545	25162	5.0
188	34615	5.0
407	36812	3.0
217	26041	4.0
813	29686	5.0
569	39896	5.0
676	23481	3.0
82	27307	4.0
283	43947	5.0
874	22786	1.0
426	35974	5.0
497	33241	4.0
324	35367	5.0
252	37882	5.0
14	23302	5.0
13	21098	5.0
893	25040	5.0
514	43134	3.0
697	39286	3.0
31	25411	5.0
926	24924	5.0
177	42731	2.0
331	22726	5.0
929	23433	4.0
32	25698	4.0
480	39639	5.0
813	22686	5.0
319	20653	1.0
53	42162	4.0
911	39523	4.0
410	22476	4.0
741	25218	4.0
501	20009	5.0
705	29684	2.0
424	38105	3.0
198	37857	4.0
489	41984	5.0
21	36501	1.0
355	21242	5.0
688	43742	4.0
688	35682	5.0
882	35748	2.0
514	36946	3.0
105	21921	5.0
429	35697	4.0
340	25638	4.0
252	24221	5.0
422	28309	3.0
811	36337	4.0
478	29655	4.0
981	40673	4.0
514	22579	5.0
132	24579	2.0
29	23483	4.0
319	28777	3.0
847	26580	4.0
583	43548	4.0
570	25812	4.0
995	38098	5.0
544	31243	5.0
356	24004	5.0
598	34707	3.0
356	33590	5.0
805	24899	4.0
414	21098	5.0
324	34972	3.0
396	42132	3.0
1	43195	5.0
909	33527	5.0
87	39595	5.0
443	34542	5.0
111	20496	2.0
175	24159	5.0
559	24257	4.0
340	21098	5.0
810	21492	5.0
910	23434	5.0
881	29741	5.0
538	20492	2.0
330	24375	5.0
514	42521	4.0
855	31469	5.0
726	39269	5.0
410	23335	4.0
577	38862	5.0
898	43890	3.0
488	40572	1.0
963	41934	5.0
594	25221	5.0
877	35882	5.0
908	23688	4.0
508	23826	5.0
517	20467	4.0
238	21275	5.0
174	24019	5.0
665	31956	4.0
851	30281	5.0
879	31462	5.0
501	39990	3.0
386	32946	5.0
9	34210	5.0
696	25086	5.0
495	32354	4.0
966	23313	5.0
181	24347	5.0
842	37873	5.0
214	32515	5.0
604	33077	4.0
647	22862	4.0
74	41829	5.0
227	26274	5.0
14	23358	5.0
230	34918	5.0
646	32569	5.0
541	24641	5.0
891	37177	4.0
491	22004	5.0
983	21035	5.0
648	38369	3.0
739	23451	4.0
695	22726	4.0
489	39423	5.0
825	34587	4.0
130	22541	5.0
44	34199	5.0
951	32706	3.0
394	40584	5.0
893	40572	5.0
891	39437	5.0
213	24761	5.0
492	23292	5.0
779	26866	5.0
941	25015	5.0
386	28227	5.0
340	28837	4.0
271	35542	4.0
77	39835	4.0
720	25626	4.0
687	41195	5.0
772	24438	4.0
359	37766	2.0
137	29685	5.0
514	38983	4.0
44	31479	3.0
711	22155	4.0
21	35963	1.0
643	34568	5.0
490	40682	5.0
104	37582	4.0
533	37290	1.0
830	20493	3.0
557	25365	5.0
407	26174	4.0
613	40554	5.0
70	25957	5.0
329	24641	4.0
468	32748	5.0
491	24973	5.0
588	33621	2.0
912	23312	5.0
514	43298	4.0
811	40018	4.0
262	37880	5.0
202	39012	2.0
777	24843	5.0
290	36430	5.0
631	26043	5.0
522	28154	3.0
880	40462	4.0
553	21221	5.0
381	26237	3.0
719	41045	5.0
648	39344	3.0
366	24375	5.0
761	22279	5.0
653	42477	4.0
320	21554	5.0
505	30834	5.0
403	25703	4.0
385	25376	4.0
514	43717	4.0
866	20990	3.0
168	21061	5.0
388	39770	3.0
873	27227	5.0
905	24646	1.0
120	22332	5.0
856	23651	4.0
126	36192	5.0
400	33263	4.0
832	28939	5.0
197	21862	5.0
839	40216	5.0
741	29122	5.0
853	38246	4.0
637	31002	5.0
97	28015	4.0
71	42234	4.0
69	22203	5.0
818	22151	4.0
713	21130	5.0
746	26205	5.0
796	29975	5.0
397	28036	3.0
76	35393	5.0
216	41368	5.0
283	27467	4.0
360	41086	5.0
254	29970	4.0
382	34350	4.0
26	39077	5.0
400	42026	4.0
414	32057	5.0
764	24620	4.0
169	40682	5.0
444	25373	5.0
501	25310	5.0
759	35379	1.0
873	33027	5.0
246	22960	4.0
514	36076	4.0
340	23907	5.0
283	21492	5.0
514	35116	5.0
746	34579	5.0
129	26042	4.0
19	31462	5.0
103	23852	5.0
227	21280	4.0
235	35448	5.0
617	39200	5.0
94	34551	4.0
93	24546	5.0
395	31002	4.0
465	23173	5.0
28	37066	5.0
181	21075	5.0
570	25519	5.0
358	23799	5.0
137	22615	5.0
277	27263	5.0
779	23565	4.0
6	37838	5.0
182	39569	3.0
209	26011	5.0
575	26274	5.0
936	37663	2.0
902	38380	5.0
360	41096	5.0
814	25331	5.0
514	42258	4.0
980	35968	5.0
546	34634	4.0
538	27552	5.0
514	37706	4.0
81	21033	5.0
610	31939	4.0
10	40572	3.0
410	24650	4.0
501	24019	5.0
700	28827	1.0
307	35738	4.0
469	24047	5.0
227	24472	5.0
836	31472	5.0
721	38035	4.0
122	28460	5.0
881	35147	5.0
340	23367	5.0
81	32898	4.0
505	20256	5.0
505	28825	5.0
430	25331	5.0
153	42236	5.0
283	43660	5.0
443	28955	5.0
171	23900	5.0
619	34989	4.0
570	23266	4.0
514	38440	4.0
20	24410	5.0
659	37611	4.0
291	37321	4.0
246	23941	5.0
292	31025	5.0
19	30925	5.0
469	25369	5.0
505	20255	5.0
569	23786	5.0
388	28080	4.0
514	29964	5.0
331	24044	5.0
531	32692	5.0
398	36811	5.0
745	39272	5.0
659	23558	3.0
912	43597	4.0
505	20188	5.0
104	23568	5.0
370	27661	5.0
912	38208	5.0
283	24956	5.0
610	35321	2.0
846	21429	5.0
705	30672	4.0
334	24085	4.0
852	35863	1.0
124	24078	5.0
297	39389	4.0
76	29665	5.0
597	25499	5.0
696	21956	5.0
598	34911	1.0
356	34250	1.0
12	42113	1.0
953	23692	5.0
54	37297	1.0
96	37405	3.0
793	32550	5.0
136	37562	5.0
170	43136	5.0
380	42906	5.0
471	39858	4.0
134	35237	3.0
601	26860	4.0
388	38921	3.0
668	39672	4.0
227	24047	3.0
407	34839	5.0
72	35482	4.0
68	34627	5.0
570	24620	4.0
319	32537	4.0
545	40963	5.0
813	34053	4.0
407	37880	2.0
570	23301	4.0
732	40552	1.0
100	38032	5.0
139	41325	5.0
972	39567	5.0
724	39031	2.0
889	39787	4.0
853	22620	5.0
652	40525	4.0
367	42731	3.0
407	38535	5.0
567	30939	5.0
614	38812	5.0
519	30981	3.0
570	23511	5.0
856	22549	4.0
378	37049	4.0
107	37664	4.0
500	23239	5.0
514	23887	5.0
728	36902	4.0
873	22571	5.0
379	28294	5.0
604	38235	3.0
379	38667	5.0
569	24005	5.0
793	20956	5.0
742	26076	4.0
815	37187	5.0
624	28401	5.0
240	26544	5.0
340	25662	5.0
490	42645	5.0
391	21441	5.0
561	32350	5.0
936	36967	5.0
384	30796	4.0
468	23900	5.0
952	43714	5.0
658	40443	4.0
875	31685	5.0
115	25231	1.0
490	39681	5.0
37	24393	5.0
643	34832	5.0
524	39668	5.0
588	21044	5.0
343	25240	5.0
334	34562	2.0
142	37474	3.0
319	28030	3.0
117	36942	5.0
510	20399	5.0
487	25940	4.0
514	35875	4.0
107	37876	4.0
994	36420	5.0
594	28109	5.0
604	33122	5.0
181	33470	5.0
741	20024	5.0
334	22649	5.0
662	40592	3.0
873	37784	5.0
570	23279	4.0
860	23799	5.0
700	32454	4.0
174	21913	3.0
525	26531	5.0
788	27765	5.0
586	25615	5.0
581	23506	2.0
643	33787	5.0
848	23269	4.0
428	41460	5.0
282	30026	5.0
893	21249	5.0
457	20555	3.0
598	34702	5.0
80	25351	5.0
388	33220	5.0
944	34850	5.0
414	31854	5.0
493	32481	5.0
400	38268	5.0
845	39200	5.0
643	34702	5.0
514	41670	4.0
448	41798	5.0
168	38262	5.0
424	43669	5.0
334	22620	5.0
505	30608	5.0
567	23852	5.0
883	37716	5.0
808	22129	5.0
445	23841	2.0
47	23356	4.0
105	21289	5.0
483	33809	3.0
491	30975	4.0
216	38622	5.0
977	35549	5.0
322	40284	5.0
882	37288	2.0
792	23852	3.0
811	33014	4.0
965	30474	4.0
175	22371	4.0
974	30472	5.0
832	21491	5.0
983	26043	5.0
514	38654	4.0
83	31460	3.0
116	30640	5.0
347	40848	5.0
196	27543	5.0
550	33039	5.0
648	33251	4.0
492	24514	5.0
594	35243	5.0
81	22634	4.0
862	37131	3.0
569	23011	5.0
252	32588	5.0
280	38659	5.0
114	31469	4.0
983	23480	5.0
634	35237	5.0
29	40949	4.0
944	24045	5.0
705	24078	5.0
768	32084	5.0
92	37290	5.0
832	38606	3.0
224	24794	5.0
777	24305	5.0
532	24691	4.0
4	22738	4.0
761	40447	5.0
194	20674	3.0
326	25423	1.0
618	24049	5.0
660	33855	4.0
304	40257	5.0
654	37561	5.0
593	23287	5.0
982	36662	5.0
525	37543	5.0
875	33726	4.0
246	24894	4.0
848	24594	3.0
855	41345	5.0
216	38131	4.0
146	40745	4.0
193	35079	4.0
385	22360	3.0
554	38525	4.0
774	38989	5.0
425	29357	5.0
39	41343	5.0
569	23871	5.0
81	30169	4.0
787	32823	5.0
848	28238	5.0
514	41591	5.0
26	25347	5.0
236	39304	5.0
340	30028	4.0
645	24559	5.0
779	23882	5.0
951	43403	4.0
569	26035	5.0
498	33128	5.0
658	42521	4.0
219	23208	5.0
511	22438	5.0
936	31743	3.0
499	35657	5.0
848	24627	5.0
174	25924	5.0
328	40433	5.0
350	42167	5.0
704	23300	4.0
882	27154	2.0
340	23327	5.0
758	25040	5.0
607	34615	5.0
491	30833	4.0
958	31663	4.0
421	32001	5.0
956	31637	5.0
441	24414	5.0
569	33221	5.0
918	39903	3.0
92	37297	5.0
974	39692	5.0
173	39448	4.0
639	43125	5.0
212	36349	4.0
216	38757	5.0
761	25040	5.0
504	36967	5.0
340	36230	4.0
583	42919	4.0
492	23443	3.0
502	36274	5.0
142	36987	2.0
209	36806	5.0
648	41930	4.0
856	22583	4.0
501	42775	4.0
788	25369	5.0
938	33589	4.0
882	39814	4.0
474	24047	5.0
30	26313	5.0
19	20356	5.0
26	37318	5.0
264	38315	3.0
835	22731	5.0
283	25005	5.0
522	26544	5.0
662	26480	5.0
44	28135	5.0
449	25459	5.0
820	24872	5.0
319	20560	4.0
256	34408	5.0
26	28019	3.0
723	34839	5.0
166	31799	5.0
321	40259	5.0
82	25426	4.0
356	33582	4.0
830	22717	5.0
45	24082	5.0
10	38908	4.0
179	32704	5.0
860	30833	5.0
597	24625	5.0
618	36875	1.0
889	37564	3.0
941	24998	5.0
81	21262	5.0
375	27887	3.0
569	26273	5.0
349	32187	5.0
386	24272	5.0
230	22705	5.0
85	32059	4.0
917	21492	5.0
594	32579	5.0
29	32016	5.0
774	43431	4.0
535	23249	3.0
907	34752	5.0
334	30157	5.0
590	32220	5.0
479	21018	4.0
260	21129	5.0
880	30862	1.0
741	20114	5.0
180	28523	5.0
320	25065	5.0
904	37485	1.0
911	24862	4.0
964	38357	4.0
780	43964	5.0
494	23063	5.0
316	41728	5.0
602	21522	5.0
848	38789	3.0
120	22341	5.0
95	37514	5.0
164	30971	4.0
340	23583	4.0
861	32489	5.0
244	42114	3.0
381	24290	4.0
337	21729	5.0
659	41716	4.0
491	27887	4.0
603	24007	3.0
466	38862	5.0
252	23852	5.0
758	24361	5.0
546	43632	5.0
570	22394	5.0
569	23016	5.0
283	42553	5.0
583	41897	4.0
213	31003	5.0
569	26038	5.0
871	36332	5.0
559	29914	4.0
103	32210	5.0
741	37966	5.0
838	43564	5.0
316	41210	5.0
441	28266	5.0
595	24006	5.0
14	23845	5.0
175	25132	3.0
414	27238	5.0
514	28722	3.0
505	30607	5.0
4	22745	5.0
70	43490	5.0
326	23043	3.0
164	26500	5.0
657	24207	5.0
340	20948	5.0
797	32036	4.0
950	39099	5.0
891	24240	5.0
563	38894	4.0
739	23690	4.0
710	30761	5.0
683	30484	5.0
340	24347	5.0
424	28250	5.0
229	22451	4.0
860	38437	4.0
782	36190	2.0
882	20055	4.0
866	26234	5.0
325	26645	5.0
792	22284	4.0
577	41526	3.0
351	22438	5.0
773	41973	5.0
385	27544	3.0
737	28044	5.0
42	42865	4.0
374	38109	4.0
400	39427	3.0
110	42119	5.0
668	21262	5.0
519	32897	4.0
569	23226	5.0
794	42504	5.0
64	39851	5.0
380	25522	4.0
283	40037	4.0
720	25321	4.0
257	24979	5.0
336	34616	4.0
531	31797	5.0
407	37027	5.0
340	38118	5.0
29	35697	4.0
889	29859	4.0
262	33241	4.0
78	24435	4.0
676	26645	3.0
948	37662	4.0
81	37038	5.0
340	24147	5.0
8	39874	4.0
396	41285	1.0
451	29498	5.0
79	35695	2.0
594	30755	5.0
857	33637	1.0
81	22665	4.0
146	25269	5.0
599	30987	5.0
222	22190	5.0
505	28504	5.0
514	43347	4.0
385	36609	4.0
77	22707	3.0
547	33788	5.0
445	23840	5.0
247	35743	5.0
747	33739	4.0
594	25068	5.0
82	35884	4.0
112	43231	4.0
966	25916	4.0
458	42061	5.0
375	23927	5.0
760	24650	5.0
107	37266	3.0
419	29772	5.0
292	37043	5.0
882	38879	3.0
721	31202	5.0
424	42113	1.0
429	25921	5.0
618	35940	4.0
3	39166	3.0
905	21500	1.0
230	24697	5.0
693	36900	5.0
330	24589	4.0
898	26448	4.0
529	21190	5.0
709	34369	5.0
67	22412	5.0
574	30030	5.0
505	20707	2.0
248	27391	5.0
935	32674	5.0
147	37753	5.0
87	39337	5.0
625	35942	5.0
859	39795	3.0
587	26067	5.0
986	22725	5.0
335	34667	5.0
69	26727	1.0
993	38104	5.0
387	26720	4.0
54	22999	1.0
676	26043	4.0
484	33925	5.0
459	26440	2.0
292	24278	4.0
162	40718	3.0
535	29849	5.0
873	24887	4.0
417	24534	5.0
566	39038	5.0
250	21254	3.0
264	34599	5.0
593	43480	5.0
744	29190	5.0
766	41549	5.0
570	28992	4.0
31	31026	4.0
710	31663	5.0
827	27011	5.0
107	37071	4.0
980	24323	5.0
709	27445	5.0
594	22452	5.0
781	24754	4.0
230	41673	5.0
731	35023	4.0
562	40353	4.0
720	38223	5.0
286	23221	3.0
33	29972	4.0
478	40561	5.0
149	25154	5.0
162	23631	4.0
963	40447	5.0
28	43264	5.0
388	34892	4.0
34	28470	4.0
397	25261	5.0
156	30243	4.0
546	34869	5.0
505	22386	5.0
594	22188	5.0
487	32539	5.0
688	20352	5.0
94	26075	5.0
405	35965	5.0
92	40745	5.0
322	23624	5.0
76	23358	5.0
89	37707	5.0
819	22139	5.0
973	38846	5.0
951	42015	4.0
576	24252	4.0
362	36291	5.0
669	25331	1.0
529	36296	4.0
873	24808	5.0
676	24002	5.0
373	38626	5.0
825	34254	4.0
541	32382	5.0
300	31115	5.0
162	30333	4.0
934	36766	3.0
763	25039	5.0
439	22296	5.0
81	21038	5.0
441	29761	3.0
982	34897	3.0
723	22703	4.0
369	23458	5.0
377	30572	5.0
378	22190	5.0
50	37183	5.0
782	32632	5.0
14	24039	5.0
322	27025	5.0
497	23808	4.0
826	21998	5.0
84	37877	3.0
558	25622	5.0
768	25331	5.0
482	39461	5.0
848	34885	5.0
400	37293	4.0
414	26824	4.0
153	32385	5.0
385	25514	4.0
882	30985	2.0
389	24631	4.0
505	26476	5.0
647	23554	2.0
361	21511	5.0
575	25807	4.0
108	22769	4.0
390	27795	5.0
850	34445	5.0
617	38527	5.0
629	42908	5.0
666	24339	5.0
18	23478	4.0
227	32587	3.0
648	32308	5.0
893	36656	4.0
961	43231	4.0
745	34497	4.0
722	23281	5.0
524	40837	5.0
66	25065	5.0
670	20979	5.0
690	35695	5.0
81	25427	5.0
890	31003	5.0
760	24523	5.0
938	24923	5.0
227	30612	3.0
14	20648	5.0
26	30851	5.0
207	23485	5.0
539	22645	5.0
315	34678	5.0
145	30460	5.0
670	34818	5.0
81	25334	4.0
123	38986	5.0
632	36523	5.0
813	22561	5.0
401	36290	5.0
580	41017	1.0
935	23831	5.0
984	25163	3.0
13	25132	5.0
406	24289	4.0
402	26637	3.0
779	24129	5.0
424	32701	4.0
521	25358	5.0
644	21238	5.0
126	41935	5.0
453	25500	4.0
574	28864	5.0
478	39849	3.0
873	29666	4.0
27	24571	5.0
397	23586	3.0
882	34557	4.0
923	35120	4.0
595	43658	5.0
241	37276	5.0
634	28016	5.0
327	34763	5.0
688	43449	5.0
950	27468	5.0
227	20316	5.0
570	27561	5.0
298	39183	3.0
723	23688	4.0
47	23987	1.0
410	23448	4.0
233	24812	5.0
463	38070	5.0
741	29236	5.0
220	42234	5.0
424	21275	5.0
208	26233	2.0
614	41959	5.0
162	43466	4.0
648	40256	2.0
779	25480	5.0
863	28026	4.0
59	21185	4.0
527	37071	2.0
126	42606	5.0
514	37752	4.0
102	29365	5.0
469	24050	3.0
339	24170	5.0
26	29603	5.0
56	43127	5.0
221	32501	5.0
469	21141	3.0
453	39681	4.0
291	36766	4.0
330	25093	4.0
882	23413	4.0
511	35553	5.0
588	21061	5.0
984	23657	1.0
359	42402	5.0
36	41897	4.0
729	37505	5.0
514	41683	4.0
117	33403	5.0
423	43277	4.0
26	34058	4.0
82	27710	5.0
120	36479	5.0
70	39874	5.0
621	27391	5.0
620	38851	4.0
793	36287	4.0
890	30672	4.0
683	35697	3.0
340	40513	5.0
904	39098	5.0
538	23430	5.0
13	24534	4.0
647	42646	4.0
929	27470	4.0
397	23396	4.0
443	24889	5.0
573	31828	5.0
385	35952	5.0
905	36271	4.0
82	20029	4.0
865	42854	5.0
514	39538	5.0
581	34155	5.0
174	25129	4.0
469	41620	2.0
631	31999	5.0
67	34835	4.0
539	24641	5.0
227	32116	5.0
330	30332	5.0
26	38149	5.0
524	39494	5.0
866	34616	4.0
42	41045	4.0
654	20063	5.0
52	24165	5.0
392	31766	5.0
733	33072	5.0
983	26091	5.0
621	21778	3.0
82	24130	5.0
39	29392	5.0
471	22620	5.0
491	29963	4.0
204	26636	5.0
283	24326	5.0
504	37297	2.0
58	23093	5.0
463	25596	5.0
514	40401	4.0
673	38080	5.0
570	27978	3.0
664	30243	5.0
312	31057	5.0
514	41187	4.0
633	32791	5.0
266	25516	5.0
105	29685	4.0
501	39361	4.0
26	30875	5.0
852	43344	5.0
978	26041	5.0
13	25077	5.0
465	20368	5.0
781	36943	4.0
973	42167	5.0
215	33155	3.0
991	23095	4.0
311	22728	5.0
727	28372	5.0
848	23436	4.0
340	21948	4.0
865	43329	5.0
612	22814	5.0
514	38429	4.0
5	32418	5.0
514	43924	4.0
340	25879	5.0
105	35093	5.0
643	32499	3.0
276	43685	4.0
340	23692	5.0
469	25306	4.0
853	39135	5.0
891	36116	3.0
456	28026	5.0
636	25082	5.0
443	31762	5.0
612	28010	5.0
19	33486	4.0
522	22323	3.0
504	37363	1.0
474	34707	4.0
700	21594	5.0
514	29516	5.0
142	37673	2.0
891	37518	5.0
965	20338	5.0
514	38540	4.0
565	24650	5.0
377	29262	5.0
568	23086	5.0
264	34788	5.0
101	23832	4.0
886	25983	5.0
809	32459	2.0
8	33165	5.0
41	21256	5.0
187	41579	5.0
158	26083	5.0
414	40897	5.0
895	39753	5.0
923	26526	5.0
570	23332	3.0
925	37642	1.0
334	35844	5.0
688	32675	5.0
522	28418	3.0
373	41264	5.0
28	37880	5.0
257	24027	5.0
505	20594	5.0
340	25639	4.0
253	39578	3.0
848	22620	4.0
283	33541	4.0
699	25404	5.0
388	38948	5.0
588	32057	5.0
977	21139	3.0
102	37099	5.0
618	31900	3.0
245	27536	5.0
334	22727	5.0
973	43881	5.0
514	30265	5.0
994	36849	4.0
889	31903	5.0
156	24097	4.0
385	28340	5.0
382	34978	5.0
846	34137	5.0
914	42062	4.0
217	36490	3.0
386	24368	4.0
963	39535	5.0
577	39384	1.0
930	38484	1.0
514	35330	5.0
676	20891	3.0
85	30562	5.0
397	25329	5.0
594	33917	5.0
741	37533	5.0
630	28412	5.0
311	22745	5.0
779	23651	5.0
695	24240	3.0
648	37943	4.0
514	32210	5.0
83	26128	4.0
81	24522	5.0
741	26681	5.0
731	35899	5.0
872	40464	5.0
670	33039	5.0
813	38513	5.0
811	41778	4.0
570	23807	3.0
169	40277	5.0
688	33893	4.0
514	42259	4.0
70	21974	5.0
684	24823	4.0
649	24765	5.0
384	21592	2.0
330	35139	4.0
283	23526	3.0
110	34587	5.0
570	42661	4.0
949	37276	1.0
661	24637	5.0
282	37261	5.0
64	39473	5.0
26	36584	5.0
41	37967	4.0
222	23526	4.0
206	22938	5.0
59	22650	4.0
540	35589	5.0
91	31886	2.0
295	26271	5.0
638	31699	5.0
133	42564	4.0
528	30939	4.0
699	26637	5.0
594	21098	5.0
676	41635	4.0
886	24764	5.0
414	40244	5.0
644	27543	5.0
60	37054	5.0
779	23791	4.0
460	22083	4.0
891	38807	4.0
53	23497	3.0
689	20617	3.0
93	21978	4.0
569	20360	5.0
514	39623	4.0
246	20228	4.0
247	43398	5.0
570	30278	4.0
12	24377	3.0
672	41354	4.0
823	25563	4.0
215	24012	5.0
188	39677	3.0
79	33622	5.0
929	21557	5.0
246	24549	4.0
778	32182	5.0
387	26099	3.0
334	34897	3.0
283	37453	5.0
947	22707	5.0
859	22015	5.0
618	36501	3.0
491	25063	4.0
238	33346	5.0
340	23254	5.0
51	34579	5.0
538	20482	5.0
340	23682	5.0
408	38233	5.0
890	36068	2.0
203	22384	5.0
511	23744	5.0
798	43897	5.0
737	27159	5.0
592	42238	5.0
160	37266	4.0
769	43936	5.0
330	28330	5.0
479	28175	5.0
508	21377	5.0
340	23399	5.0
218	24656	5.0
303	22004	5.0
339	24182	4.0
525	30412	1.0
512	33738	5.0
174	26142	4.0
813	32474	5.0
582	23215	5.0
613	33874	5.0
604	40097	4.0
340	22552	5.0
52	24170	5.0
184	41583	5.0
656	23713	5.0
761	23105	4.0
618	35489	4.0
648	35880	5.0
811	39231	4.0
381	24579	5.0
700	39968	1.0
870	31235	5.0
107	41075	4.0
520	32762	5.0
427	38135	5.0
485	23434	5.0
231	32024	5.0
900	33719	5.0
505	26580	5.0
983	25424	5.0
524	41887	5.0
844	32798	4.0
873	25183	5.0
372	28371	4.0
577	40912	5.0
102	32296	4.0
334	22615	4.0
863	27153	3.0
375	24570	5.0
397	30644	5.0
460	22490	5.0
385	31011	4.0
198	25334	5.0
19	31026	5.0
935	21258	5.0
429	27483	5.0
522	22436	5.0
380	39384	5.0
606	26237	4.0
648	37794	4.0
713	21127	3.0
115	24530	3.0
201	28683	5.0
7	31637	5.0
333	21265	5.0
192	38278	4.0
630	24957	5.0
283	39802	4.0
385	25603	3.0
708	34783	3.0
642	37876	4.0
173	20818	4.0
354	35993	5.0
653	39598	5.0
210	28277	4.0
502	35705	5.0
40	24078	3.0
381	22533	4.0
401	24039	5.0
145	23753	3.0
403	24239	5.0
75	34366	5.0
181	33066	5.0
105	22533	5.0
466	37703	5.0
757	24376	5.0
730	26369	5.0
400	41581	4.0
181	21059	5.0
628	30485	5.0
347	43184	5.0
317	26345	4.0
325	35912	5.0
207	23244	1.0
145	25143	5.0
168	25492	5.0
569	21154	5.0
570	20518	4.0
329	25913	5.0
81	25096	5.0
880	27033	2.0
540	32137	5.0
779	23078	5.0
387	29910	3.0
643	36968	5.0
712	37468	5.0
648	40745	3.0
225	41536	5.0
882	37808	3.0
82	23127	3.0
74	37297	3.0
471	24666	5.0
11	24012	4.0
443	31727	5.0
373	37554	5.0
89	38579	5.0
70	42655	5.0
283	33574	4.0
549	21763	5.0
627	40319	3.0
882	27151	4.0
996	33484	3.0
413	43736	5.0
950	26434	5.0
762	24245	5.0
638	41285	5.0
320	33952	3.0
655	25615	5.0
355	22652	5.0
48	24644	5.0
227	32455	5.0
570	27556	4.0
499	30083	4.0
38	24137	4.0
452	35913	4.0
102	24687	5.0
569	20361	5.0
634	21531	5.0
97	24287	5.0
801	37044	5.0
171	31724	5.0
618	35324	5.0
343	28023	5.0
538	28072	4.0
812	27153	5.0
832	24012	5.0
385	21572	3.0
882	39599	4.0
330	23900	2.0
253	38346	5.0
676	30290	5.0
470	24359	5.0
560	25308	5.0
26	27934	5.0
424	40682	5.0
283	24006	4.0
82	27711	5.0
448	21795	4.0
748	22517	5.0
251	24566	5.0
610	33552	3.0
562	40581	5.0
391	20385	5.0
168	21841	5.0
58	24388	5.0
13	24459	4.0
486	26691	5.0
203	31385	5.0
410	21299	2.0
507	37707	3.0
898	25457	5.0
613	20584	5.0
888	31900	4.0
504	36946	4.0
741	25040	5.0
130	26935	4.0
6	37794	4.0
55	29685	5.0
33	37272	4.0
202	38017	5.0
514	40262	5.0
741	21376	5.0
620	40102	5.0
49	24254	5.0
514	38152	2.0
723	22972	5.0
8	24006	5.0
535	22641	4.0
107	32327	5.0
528	35000	5.0
441	26646	4.0
168	21044	5.0
911	39700	5.0
829	26791	5.0
142	35182	3.0
73	41494	5.0
10	24620	5.0
70	38456	5.0
767	41133	4.0
340	23553	5.0
408	37664	5.0
550	40572	5.0
437	43002	4.0
678	22607	5.0
407	40401	4.0
283	41389	4.0
891	21279	4.0
424	40985	3.0
808	20745	5.0
6	37416	4.0
663	39485	3.0
118	35875	5.0
787	27060	5.0
428	38315	5.0
459	23900	3.0
407	20746	5.0
165	23900	1.0
51	36275	1.0
385	23378	5.0
168	26695	5.0
569	30390	5.0
835	22729	5.0
20	24323	5.0
612	22297	4.0
26	35146	4.0
412	25040	5.0
983	35225	5.0
120	23085	5.0
142	36887	4.0
793	30732	5.0
88	28534	5.0
294	42298	2.0
620	21298	4.0
461	39557	5.0
741	33297	5.0
921	30917	5.0
360	22584	5.0
424	36930	4.0
247	37864	5.0
231	29999	3.0
309	23403	5.0
37	24847	3.0
569	24578	5.0
594	29926	4.0
565	35376	5.0
763	37469	3.0
218	30684	5.0
842	33925	5.0
760	24491	5.0
330	30537	3.0
811	21447	5.0
414	24986	3.0
81	28448	5.0
329	23264	2.0
775	27159	5.0
146	40500	5.0
469	24030	3.0
488	34637	4.0
750	38852	5.0
763	34885	4.0
566	24030	5.0
664	22532	5.0
676	21247	4.0
105	31506	5.0
722	21735	5.0
234	42714	5.0
171	23769	5.0
13	24915	5.0
254	31823	5.0
626	32130	5.0
48	24589	5.0
505	21350	4.0
213	30399	5.0
649	24384	5.0
397	33094	3.0
440	24272	5.0
913	38654	3.0
347	38951	5.0
200	37914	2.0
73	40895	5.0
541	34853	3.0
944	37152	4.0
813	23176	5.0
747	23241	4.0
471	37073	4.0
247	39125	4.0
344	35489	5.0
176	40447	5.0
842	40905	5.0
676	26233	4.0
853	27944	5.0
618	36312	4.0
340	21697	5.0
180	28342	3.0
541	31688	5.0
514	31627	5.0
835	25065	5.0
541	30755	4.0
471	22621	5.0
549	27276	5.0
926	24486	5.0
43	34615	3.0
781	24703	5.0
14	24597	5.0
885	24245	4.0
137	22620	5.0
848	23841	4.0
655	39516	5.0
590	28871	4.0
939	41285	3.0
254	21531	4.0
990	37564	5.0
340	21624	5.0
514	36086	4.0
938	20597	5.0
470	26854	5.0
26	31075	4.0
412	20063	5.0
575	23602	5.0
408	41075	5.0
598	34975	5.0
866	27908	5.0
811	41947	3.0
364	25031	5.0
514	43116	4.0
650	27020	5.0
347	42417	5.0
424	37877	3.0
680	23941	5.0
563	37764	5.0
340	37924	4.0
511	32187	5.0
89	35509	5.0
954	34266	2.0
502	34169	5.0
283	34934	5.0
907	27507	5.0
594	23367	5.0
360	33913	5.0
848	21287	3.0
685	20322	2.0
575	25851	5.0
986	22266	3.0
145	28212	5.0
606	25040	5.0
741	27385	5.0
761	24666	5.0
608	37634	5.0
4	31007	4.0
474	25216	5.0
527	34334	2.0
644	31100	5.0
196	23113	5.0
873	32782	4.0
212	29679	3.0
784	26076	4.0
283	41789	5.0
904	35000	1.0
946	23729	5.0
90	25073	1.0
504	28505	4.0
811	38218	4.0
227	23420	3.0
372	28365	3.0
893	33477	5.0
965	20345	4.0
161	23494	4.0
289	26637	4.0
514	23130	4.0
763	33077	3.0
583	43071	4.0
118	33069	5.0
521	23403	4.0
815	36250	5.0
912	24914	5.0
571	24276	2.0
227	24880	5.0
843	40709	5.0
113	23126	5.0
997	24457	5.0
866	20896	4.0
107	37290	3.0
951	28379	5.0
441	26043	5.0
160	37178	5.0
338	21951	5.0
570	25072	5.0
508	40319	5.0
81	25308	5.0
231	30833	5.0
570	38892	4.0
340	20759	5.0
463	21455	4.0
503	38341	5.0
152	24075	4.0
638	25978	5.0
282	39139	5.0
434	20316	5.0
93	21979	5.0
334	21275	5.0
335	34579	4.0
20	22296	5.0
871	37297	5.0
479	32897	5.0
19	25648	4.0
660	38908	3.0
40	34762	1.0
340	24764	5.0
511	24416	4.0
915	34896	5.0
291	38109	3.0
655	32308	5.0
480	21667	5.0
397	23462	5.0
66	32554	5.0
788	28118	5.0
328	37297	5.0
359	24289	5.0
71	22688	5.0
882	39688	3.0
491	22164	5.0
12	28631	5.0
541	29762	5.0
741	35663	5.0
89	36579	5.0
686	20892	5.0
38	24012	4.0
987	38429	1.0
334	35021	1.0
131	34557	5.0
667	23419	5.0
715	31160	5.0
55	38098	1.0
514	36636	4.0
331	32531	4.0
414	24622	5.0
570	34944	3.0
779	26636	5.0
283	29686	4.0
86	21127	5.0
514	24097	5.0
478	32882	3.0
138	32602	5.0
610	35323	4.0
570	25976	4.0
659	24384	5.0
729	38325	2.0
882	38350	3.0
130	33121	4.0
283	24746	5.0
365	30147	5.0
598	35906	5.0
813	35399	5.0
823	20764	5.0
904	40610	5.0
873	42565	5.0
427	38782	5.0
352	23215	5.0
340	20802	5.0
77	20941	4.0
397	20667	1.0
424	34266	5.0
51	24765	5.0
984	28683	1.0
501	26169	5.0
695	24137	4.0
56	38429	5.0
732	37664	2.0
174	22104	5.0
322	34910	2.0
11	24137	3.0
34	37232	5.0
274	26743	5.0
40	22438	1.0
838	37113	5.0
793	25040	3.0
93	29773	5.0
338	26983	5.0
618	33414	5.0
993	31158	5.0
163	33080	1.0
117	24039	4.0
986	22729	5.0
352	31479	5.0
548	25487	4.0
569	30087	5.0
648	36002	3.0
761	42885	3.0
77	20418	4.0
385	24704	3.0
484	37474	1.0
508	39597	3.0
479	36722	5.0
466	38375	5.0
85	27988	5.0
407	23323	5.0
848	27167	5.0
302	27837	5.0
83	29996	5.0
475	42276	5.0
541	35307	5.0
514	37322	4.0
68	32044	4.0
695	23769	4.0
583	42899	4.0
866	34369	5.0
236	41434	5.0
248	27437	4.0
741	27293	5.0
983	25848	5.0
30	28868	5.0
882	23871	4.0
972	39631	3.0
779	24130	5.0
310	23674	5.0
95	37457	4.0
424	35253	5.0
377	35393	5.0
3	34266	5.0
55	22620	5.0
964	41943	3.0
55	37877	1.0
741	34741	5.0
424	24071	5.0
997	25891	5.0
527	40456	2.0
50	25365	5.0
786	28014	5.0
959	24361	5.0
652	41286	4.0
514	25486	4.0
618	38169	4.0
779	26115	5.0
983	23340	5.0
20	28013	5.0
892	23765	5.0
435	23198	5.0
332	42154	5.0
961	20600	5.0
939	40258	4.0
230	27464	5.0
424	35875	2.0
776	33199	4.0
92	37266	5.0
994	37425	3.0
162	23485	4.0
714	43595	5.0
388	37826	5.0
739	28590	4.0
893	34935	5.0
180	28525	4.0
514	42363	3.0
514	39311	4.0
246	26781	4.0
388	36839	5.0
514	42867	4.0
944	29574	5.0
283	40463	4.0
474	35356	5.0
339	32210	5.0
951	33663	4.0
326	28272	5.0
491	37642	4.0
397	24412	5.0
514	39228	4.0
407	24535	4.0
904	41479	4.0
276	28592	5.0
218	21504	5.0
896	30974	4.0
548	25426	5.0
445	23839	5.0
973	43318	5.0
210	24467	4.0
853	30147	5.0
951	42115	4.0
283	24338	5.0
478	41649	2.0
448	24451	5.0
538	23166	3.0
965	32985	4.0
454	34587	4.0
468	25791	5.0
741	26405	5.0
570	25634	4.0
407	38690	5.0
81	24534	5.0
329	28207	4.0
321	37436	5.0
813	24147	5.0
430	31462	5.0
347	31886	5.0
485	40761	4.0
450	28312	5.0
416	24457	5.0
860	42899	4.0
51	33239	4.0
585	34647	5.0
806	34609	5.0
397	23348	4.0
592	24128	5.0
397	35816	2.0
573	34350	2.0
283	31066	5.0
856	29050	4.0
983	26576	5.0
785	30187	5.0
107	41345	4.0
92	34911	5.0
494	26535	5.0
803	23916	5.0
876	38906	5.0
678	24680	5.0
569	23230	4.0
741	25002	5.0
424	41285	5.0
78	21599	5.0
742	26305	5.0
504	38498	5.0
627	40386	4.0
441	24237	5.0
613	25899	5.0
589	40147	2.0
479	31082	5.0
340	25507	5.0
479	33365	5.0
84	27887	4.0
813	25706	5.0
712	40744	4.0
933	37877	3.0
181	27782	5.0
36	30455	4.0
668	31699	5.0
760	24048	4.0
841	23538	4.0
340	31854	5.0
81	27768	5.0
583	42224	3.0
875	39422	5.0
407	42572	5.0
140	38960	5.0
564	40550	5.0
813	24361	5.0
644	21241	5.0
514	42802	4.0
363	41976	4.0
82	24424	4.0
414	29217	5.0
220	24398	5.0
687	41336	4.0
514	38105	3.0
678	22543	5.0
654	41576	5.0
144	21254	5.0
35	26235	5.0
53	40387	5.0
367	43031	5.0
570	39361	2.0
713	30379	4.0
878	35881	3.0
478	41479	4.0
670	29040	4.0
759	35875	4.0
860	40586	5.0
661	31828	5.0
866	30530	4.0
491	31903	3.0
548	27293	5.0
172	37043	5.0
570	25618	4.0
888	27040	5.0
18	21410	5.0
490	36332	3.0
348	23301	5.0
505	22976	3.0
49	24027	5.0
18	23399	5.0
719	40893	3.0
813	25331	5.0
221	28026	4.0
597	24356	5.0
939	40948	4.0
303	20019	5.0
36	41246	4.0
289	27543	5.0
566	35678	4.0
524	37519	5.0
823	21025	5.0
951	43604	5.0
664	32546	1.0
848	35393	5.0
407	42439	4.0
524	40264	5.0
648	35470	5.0
231	28938	5.0
963	39200	5.0
228	30748	4.0
813	36447	5.0
319	39370	5.0
655	42752	5.0
983	42188	2.0
505	20708	3.0
535	23243	4.0
213	30819	5.0
168	24873	5.0
866	21297	5.0
8	36500	4.0
882	22190	5.0
951	36647	5.0
572	22591	5.0
13	26571	5.0
89	37332	5.0
63	22552	5.0
793	23140	4.0
106	25308	5.0
385	31188	4.0
365	23270	5.0
793	41290	4.0
340	21567	5.0
533	38346	3.0
708	33939	5.0
669	30612	5.0
329	25090	3.0
29	30471	4.0
514	33078	4.0
570	23791	4.0
264	30825	5.0
505	31669	5.0
799	24360	5.0
378	35882	5.0
594	41045	5.0
539	33277	5.0
175	26610	4.0
26	35396	5.0
550	39069	5.0
603	40627	5.0
81	24503	5.0
763	33566	3.0
779	31412	4.0
835	33249	3.0
948	41272	5.0
741	31702	5.0
158	23388	5.0
610	33056	3.0
774	38332	3.0
469	21309	2.0
41	30640	5.0
405	31609	3.0
142	38084	4.0
514	37300	4.0
695	24012	5.0
514	39812	4.0
357	27709	5.0
241	37880	4.0
746	32308	5.0
264	30245	5.0
779	25835	5.0
611	31385	4.0
737	23566	5.0
434	29015	4.0
876	38759	5.0
50	29132	5.0
230	20059	5.0
612	23974	5.0
71	26490	5.0
488	25358	4.0
681	21299	5.0
594	24147	5.0
945	25334	4.0
877	38812	5.0
362	22419	5.0
55	35438	5.0
18	37175	5.0
863	25522	2.0
283	22520	5.0
340	25872	5.0
811	36582	5.0
77	41619	5.0
283	39308	5.0
545	27867	1.0
8	28190	3.0
291	34607	3.0
81	21034	4.0
880	33157	4.0
186	24656	5.0
362	22451	5.0
229	22376	5.0
983	29186	5.0
532	24438	5.0
840	37043	5.0
392	30139	4.0
575	25127	4.0
570	22587	5.0
159	24698	3.0
1	25061	5.0
544	21140	5.0
674	25559	5.0
803	23692	5.0
22	26635	5.0
376	25331	5.0
569	20057	5.0
424	39384	4.0
162	35702	4.0
319	42769	5.0
340	20301	5.0
251	24821	5.0
951	29135	5.0
746	36093	5.0
897	43462	4.0
478	41115	5.0
424	21429	5.0
80	23566	5.0
572	36957	5.0
479	35347	5.0
741	26686	5.0
475	23874	3.0
610	34555	3.0
107	34557	5.0
960	36875	5.0
292	24039	4.0
648	35469	2.0
593	27887	5.0
738	43274	5.0
158	30800	5.0
81	25040	5.0
174	24465	4.0
986	25291	5.0
667	23659	5.0
397	39557	3.0
545	23259	5.0
570	20204	4.0
102	34733	5.0
962	42001	5.0
619	40453	5.0
2	37187	2.0
416	28616	5.0
82	32933	5.0
94	21491	5.0
979	36623	5.0
215	24071	4.0
577	33726	2.0
303	32379	5.0
746	36665	5.0
162	20184	4.0
14	25031	5.0
340	24593	5.0
324	24334	5.0
486	25331	5.0
256	33507	3.0
26	36494	5.0
894	41399	5.0
250	23448	4.0
189	38396	1.0
168	31330	4.0
226	38908	4.0
774	25216	4.0
716	38118	5.0
931	44026	5.0
668	38842	4.0
79	27020	5.0
611	42600	5.0
615	37290	4.0
594	37297	4.0
207	23455	2.0
340	23326	5.0
628	36275	4.0
848	23332	5.0
79	38294	5.0
518	25700	3.0
973	43481	4.0
44	32220	4.0
763	23738	1.0
448	36485	5.0
241	38458	5.0
105	22266	4.0
773	33683	5.0
951	41669	5.0
760	24424	3.0
594	41511	5.0
524	37661	5.0
504	25195	3.0
172	36924	5.0
274	35610	5.0
516	38445	5.0
951	32308	5.0
171	30986	5.0
456	33263	4.0
188	35139	4.0
59	41298	3.0
744	36502	5.0
424	42760	5.0
70	29502	5.0
574	21248	5.0
414	26329	5.0
534	22421	5.0
360	42527	5.0
911	33412	4.0
346	37285	5.0
53	36743	1.0
248	20975	5.0
218	30987	4.0
933	37881	5.0
231	25031	5.0
779	25479	4.0
246	25751	4.0
107	35775	4.0
517	21817	4.0
481	41829	4.0
161	30531	5.0
815	36186	5.0
574	43104	5.0
81	20929	5.0
864	36930	5.0
13	39339	5.0
13	22452	5.0
120	28874	5.0
440	43391	5.0
412	21491	4.0
438	24049	4.0
179	28357	4.0
175	41112	5.0
351	23020	5.0
15	38842	5.0
125	32167	4.0
514	37662	4.0
531	29929	5.0
79	42126	4.0
453	33703	5.0
272	38407	4.0
364	38539	5.0
505	21723	5.0
70	28200	5.0
811	34704	4.0
13	25824	5.0
132	35023	4.0
848	24592	4.0
89	36186	5.0
8	22459	5.0
930	39017	4.0
658	29957	5.0
971	24388	5.0
340	24645	5.0
162	22582	5.0
955	28448	1.0
628	32531	5.0
407	38268	5.0
286	23212	3.0
977	26398	5.0
52	30159	5.0
889	42362	5.0
746	35157	5.0
388	24045	5.0
349	26288	5.0
242	40262	4.0
862	42645	5.0
829	32464	1.0
751	42550	5.0
380	30378	5.0
593	42681	5.0
455	33529	5.0
207	41675	5.0
362	32308	5.0
20	24085	5.0
424	39123	4.0
867	24240	5.0
978	20350	5.0
991	23089	4.0
715	24272	5.0
292	40803	4.0
385	25559	4.0
483	36688	5.0
599	43304	5.0
44	20366	4.0
796	29965	5.0
232	36088	4.0
163	26311	5.0
594	38406	5.0
54	21269	1.0
554	43726	4.0
813	35310	5.0
165	27238	3.0
222	23993	5.0
987	20176	5.0
597	26001	4.0
81	39470	5.0
227	37254	1.0
848	37490	5.0
284	37793	5.0
558	20361	5.0
59	41603	4.0
516	43020	5.0
901	30981	4.0
14	33048	3.0
491	23210	4.0
440	23900	5.0
866	29931	5.0
491	43052	4.0
55	27011	5.0
397	20063	5.0
240	22323	5.0
31	25234	4.0
940	40296	4.0
330	33017	4.0
983	22627	5.0
682	24579	5.0
255	21275	5.0
669	31663	1.0
871	37049	5.0
848	24272	5.0
501	35594	5.0
626	30021	5.0
184	41382	4.0
26	24210	5.0
339	32139	4.0
575	20791	5.0
1	28782	5.0
430	38531	5.0
13	25086	5.0
917	22520	5.0
206	32028	5.0
334	22716	5.0
528	29717	5.0
464	25310	5.0
648	40119	4.0
753	26498	5.0
576	21575	5.0
848	20275	4.0
105	24656	5.0
886	26009	5.0
77	26084	5.0
904	39424	2.0
689	41037	5.0
866	20993	4.0
220	24393	5.0
570	23365	4.0
216	38335	5.0
10	32177	3.0
706	24218	5.0
8	29607	4.0
282	26667	5.0
505	23266	5.0
75	25331	5.0
544	34551	5.0
401	25643	4.0
178	25039	5.0
841	23567	4.0
356	32361	4.0
587	23223	5.0
103	24120	5.0
804	35634	5.0
69	29559	4.0
55	24323	5.0
292	25031	5.0
994	37489	4.0
567	32793	5.0
207	41511	3.0
206	29716	4.0
741	21098	5.0
393	42172	4.0
283	41844	4.0
709	34916	4.0
207	31317	1.0
431	23399	4.0
16	25567	5.0
255	37826	5.0
227	22475	2.0
429	24624	4.0
792	23448	4.0
741	24510	5.0
355	33474	4.0
456	33075	4.0
491	26043	5.0
83	37785	5.0
356	33510	4.0
81	24347	5.0
873	28044	5.0
605	41486	5.0
20	24765	5.0
920	25636	2.0
153	42420	3.0
805	24894	5.0
462	21554	5.0
334	31558	1.0
811	38559	5.0
741	26810	5.0
983	23722	5.0
880	27026	5.0
514	20597	5.0
485	33638	4.0
478	26090	5.0
866	31945	4.0
319	32565	4.0
468	35610	5.0
569	29904	5.0
525	37182	5.0
746	35913	5.0
514	35994	4.0
521	37388	4.0
884	20188	5.0
813	39065	3.0
401	36875	1.0
134	33608	3.0
555	24026	1.0
446	37254	5.0
89	36930	5.0
386	22704	5.0
676	24472	5.0
596	27060	1.0
580	40937	4.0
540	34501	5.0
880	20966	5.0
871	35775	3.0
291	25065	5.0
441	28250	5.0
520	39775	3.0
514	30668	5.0
415	32084	5.0
488	32210	5.0
882	31462	5.0
353	37263	1.0
552	37102	5.0
340	23772	3.0
392	31025	5.0
321	30620	5.0
915	23432	5.0
97	22439	4.0
107	33048	3.0
770	34341	5.0
334	22740	5.0
208	35746	1.0
84	37758	5.0
569	21538	5.0
301	29936	3.0
842	36883	5.0
181	23841	5.0
904	38509	5.0
411	35746	1.0
26	29573	5.0
676	42701	3.0
676	30289	4.0
350	43189	5.0
856	21729	5.0
592	25040	5.0
92	36875	5.0
276	25020	3.0
592	24240	5.0
594	24985	3.0
186	42722	5.0
985	40153	5.0
601	30076	4.0
512	37187	5.0
165	34542	2.0
804	37882	4.0
336	36275	3.0
505	27116	5.0
811	38969	4.0
366	23232	5.0
38	38169	5.0
569	29785	5.0
340	20761	5.0
483	34144	3.0
507	39053	5.0
465	26042	5.0
545	21774	5.0
466	38271	4.0
183	25504	5.0
37	41285	5.0
648	39529	4.0
824	22607	4.0
860	37071	5.0
957	30399	4.0
175	25386	5.0
940	36259	5.0
774	39384	5.0
945	33786	5.0
54	21557	1.0
831	24309	4.0
338	33348	5.0
259	42014	3.0
514	42982	4.0
299	25273	3.0
319	41340	5.0
514	23947	4.0
910	27414	5.0
444	35079	5.0
309	21505	4.0
875	21518	5.0
14	23401	5.0
285	40269	5.0
995	40525	5.0
78	24896	3.0
550	38898	5.0
197	22192	4.0
795	36478	5.0
676	24484	4.0
436	33935	5.0
882	21481	5.0
55	25369	5.0
741	33694	5.0
294	26019	5.0
747	36319	5.0
840	36110	5.0
137	27025	5.0
360	43684	5.0
546	34948	5.0
661	29672	5.0
908	32109	5.0
792	24650	5.0
541	23834	5.0
829	21134	5.0
861	22436	4.0
741	36744	5.0
407	38832	2.0
607	34819	5.0
157	42482	5.0
885	38457	5.0
340	28464	5.0
283	42275	5.0
872	40223	5.0
913	35448	2.0
996	30910	4.0
591	26119	5.0
785	30628	4.0
381	22553	5.0
70	44016	5.0
947	36662	5.0
340	25067	5.0
13	25903	5.0
283	22524	4.0
524	40082	5.0
429	21127	5.0
475	23926	4.0
843	23055	5.0
741	22070	5.0
514	42161	3.0
34	26763	4.0
874	30798	5.0
548	25421	2.0
36	41837	4.0
49	25388	3.0
845	42065	5.0
860	31469	4.0
499	38858	3.0
821	41440	5.0
717	32033	5.0
866	28147	3.0
358	24004	5.0
536	21099	4.0
334	28934	5.0
514	35910	3.0
488	37260	4.0
604	36209	5.0
623	23385	5.0
333	21248	5.0
26	35754	5.0
991	30340	4.0
81	21036	5.0
653	28300	4.0
180	30574	5.0
511	36023	1.0
689	41953	5.0
330	23336	4.0
419	35715	5.0
424	24137	5.0
620	40131	5.0
758	23852	4.0
105	27425	5.0
101	26451	4.0
684	36139	5.0
989	40523	3.0
514	38198	4.0
680	26476	5.0
916	24472	5.0
501	24770	5.0
181	22536	5.0
397	30882	3.0
195	30925	3.0
676	24384	4.0
514	41129	4.0
193	38122	5.0
771	37880	5.0
224	24720	5.0
252	25240	5.0
510	24839	5.0
979	38044	4.0
50	25662	5.0
593	26067	5.0
472	31026	5.0
21	35253	1.0
141	29332	4.0
10	39904	4.0
338	20406	5.0
350	43232	5.0
340	35227	5.0
349	32720	3.0
593	27008	5.0
264	34762	1.0
365	20116	5.0
354	40480	5.0
81	24914	5.0
283	24963	4.0
566	33726	5.0
14	26924	5.0
491	29717	5.0
841	23607	5.0
957	21537	3.0
556	26637	3.0
385	27983	4.0
394	24317	5.0
142	36828	5.0
904	39923	5.0
580	40513	5.0
26	34588	5.0
781	27008	3.0
575	31380	5.0
891	39631	5.0
73	37065	5.0
662	41803	4.0
93	31758	5.0
26	36181	4.0
142	40626	2.0
570	38324	4.0
142	40044	3.0
570	28228	3.0
248	30635	5.0
430	24761	5.0
452	37689	5.0
177	43005	1.0
874	26174	5.0
524	37436	5.0
168	26382	5.0
678	28616	5.0
226	40631	4.0
882	26512	5.0
105	28023	5.0
530	37297	2.0
300	28652	5.0
392	31981	5.0
47	32177	5.0
640	42342	5.0
917	22896	5.0
424	36076	5.0
713	22264	5.0
141	35524	2.0
624	24021	5.0
558	26042	5.0
569	25182	5.0
789	24620	5.0
618	34877	2.0
485	23483	5.0
280	26996	5.0
81	22538	5.0
782	34853	4.0
866	20979	5.0
293	24099	5.0
567	25451	4.0
634	36894	5.0
319	20583	5.0
650	31699	3.0
882	20328	5.0
891	37510	4.0
644	26635	5.0
173	25653	5.0
465	26067	5.0
989	24240	5.0
469	40447	3.0
369	23799	5.0
659	24391	4.0
62	34661	4.0
502	36375	5.0
166	33555	5.0
42	40381	4.0
779	24777	4.0
536	25331	4.0
14	33502	5.0
162	41586	4.0
811	20011	3.0
293	34557	4.0
570	23835	4.0
434	20330	5.0
491	41897	3.0
182	28007	3.0
594	23403	5.0
471	41731	5.0
283	43957	4.0
340	27999	5.0
0	20362	5.0
81	30325	5.0
405	25451	3.0
907	32899	5.0
443	36028	4.0
880	27415	3.0
811	36319	4.0
813	26631	5.0
933	35678	5.0
381	24650	5.0
241	38055	5.0
540	32319	5.0
622	38717	5.0
283	28817	5.0
567	31474	4.0
162	39979	4.0
710	31637	5.0
417	34828	5.0
414	21492	5.0
26	35586	5.0
99	38733	1.0
514	22386	5.0
488	25331	5.0
340	22439	4.0
774	32223	5.0
619	37620	4.0
581	32453	5.0
893	36408	4.0
758	21099	5.0
165	21613	5.0
691	23404	4.0
26	34750	5.0
304	40771	5.0
334	30246	5.0
511	36275	5.0
11	30748	4.0
434	20320	5.0
773	31136	5.0
386	25564	1.0
142	41075	4.0
380	21522	4.0
577	35697	5.0
638	42748	4.0
388	24889	5.0
594	36967	5.0
843	23054	5.0
283	40947	4.0
466	38228	5.0
321	39121	5.0
594	22445	5.0
839	38852	4.0
486	30672	1.0
55	36356	5.0
357	33320	5.0
257	26394	5.0
225	35789	5.0
604	35479	5.0
318	35124	5.0
14	25708	4.0
732	37876	3.0
982	34497	5.0
880	27469	5.0
771	35634	5.0
478	35363	5.0
424	43965	5.0
579	32394	5.0
340	20817	5.0
569	21007	5.0
893	35023	5.0
724	37758	1.0
668	37840	4.0
983	23164	5.0
547	23576	5.0
811	33634	5.0
283	22544	5.0
192	28874	5.0
951	42279	3.0
378	35524	4.0
757	30355	5.0
180	28341	5.0
768	34762	5.0
436	37266	1.0
727	24460	5.0
452	36738	5.0
908	30818	5.0
283	23554	5.0
547	27310	5.0
988	30225	4.0
621	22064	4.0
389	21628	5.0
618	37474	3.0
162	37833	5.0
879	28126	5.0
813	39670	5.0
447	40631	3.0
164	37067	4.0
383	28124	4.0
983	25104	5.0
303	39597	2.0
389	23259	4.0
519	22972	5.0
333	21261	5.0
340	37504	4.0
856	33542	5.0
128	43685	5.0
466	38105	4.0
505	31507	5.0
848	26230	5.0
321	42027	5.0
335	21919	5.0
540	38570	5.0
146	39238	5.0
683	24477	2.0
347	42777	3.0
413	26072	5.0
45	22184	5.0
298	22259	2.0
132	28274	5.0
152	24655	5.0
676	24655	4.0
377	23415	5.0
25	42666	5.0
430	25269	4.0
173	31708	5.0
362	22591	5.0
207	24985	2.0
583	42781	4.0
514	41581	3.0
28	37296	4.0
501	27584	5.0
57	35047	5.0
222	33312	4.0
978	28060	4.0
802	39395	3.0
957	30167	3.0
828	34615	4.0
6	37569	4.0
666	24294	5.0
952	32382	5.0
162	26382	4.0
569	21520	5.0
619	36442	2.0
891	37588	4.0
412	34137	5.0
741	27391	5.0
575	25779	5.0
429	24656	5.0
86	22707	5.0
408	39620	5.0
835	22727	4.0
340	23657	4.0
79	39670	5.0
150	25084	5.0
739	43478	4.0
641	23397	5.0
811	39595	4.0
385	25595	3.0
424	21505	4.0
848	23840	5.0
768	23852	5.0
772	24484	4.0
121	21091	5.0
916	23388	5.0
109	24653	5.0
410	23370	5.0
569	30588	5.0
107	33266	1.0
381	24828	3.0
55	24656	5.0
889	43114	3.0
514	40814	4.0
741	26891	5.0
55	38840	2.0
6	28950	3.0
554	41297	5.0
501	34707	5.0
514	24638	5.0
546	36207	5.0
451	29499	3.0
576	24012	4.0
848	26220	4.0
414	20060	5.0
779	24433	5.0
741	29018	5.0
329	27484	4.0
593	24751	5.0
636	25084	5.0
827	25240	5.0
514	22703	4.0
630	27371	5.0
283	24646	4.0
6	32983	5.0
389	39204	5.0
567	32751	5.0
514	42498	2.0
943	41960	3.0
491	20337	4.0
870	31460	5.0
888	30520	5.0
104	25556	4.0
264	36331	4.0
146	42113	3.0
400	37753	4.0
445	21287	2.0
678	36850	5.0
227	27868	5.0
778	26382	5.0
924	24634	5.0
544	21245	5.0
330	28511	5.0
840	36939	5.0
622	37038	3.0
879	31858	5.0
342	24012	5.0
219	41046	4.0
576	34436	2.0
800	35948	3.0
610	32070	2.0
4	31002	5.0
523	24858	1.0
340	20302	5.0
292	41086	5.0
81	25903	4.0
621	27402	4.0
889	38046	3.0
822	38862	5.0
570	34815	4.0
97	21430	4.0
485	36050	5.0
7	33741	5.0
713	24410	1.0
283	22233	4.0
650	29522	5.0
562	39857	4.0
393	38345	5.0
779	31549	5.0
618	36986	3.0
811	39695	5.0
175	30156	5.0
138	21780	4.0
958	30796	5.0
206	39136	4.0
574	27543	5.0
178	25867	5.0
882	21563	3.0
991	23087	5.0
466	38246	4.0
464	25229	5.0
403	28806	5.0
765	36075	4.0
340	20597	5.0
216	39658	5.0
901	39691	4.0
92	34791	5.0
340	25549	5.0
740	37065	4.0
196	36976	5.0
264	36674	5.0
833	32210	5.0
521	20096	4.0
982	33206	5.0
685	26359	3.0
81	22540	5.0
571	23688	5.0
817	29761	5.0
160	37254	2.0
69	32518	5.0
997	30530	4.0
881	24730	5.0
648	40868	4.0
424	24027	5.0
55	23769	5.0
505	21354	3.0
280	26261	5.0
893	24802	5.0
853	39130	5.0
162	40314	5.0
557	36374	5.0
848	24290	4.0
718	22205	5.0
26	34240	5.0
793	41756	5.0
322	22264	3.0
547	26072	4.0
283	21099	5.0
654	41870	4.0
832	24137	5.0
342	30387	5.0
649	23646	5.0
875	38336	4.0
230	33540	5.0
880	20975	2.0
529	38433	5.0
414	40513	5.0
105	27519	5.0
982	36766	1.0
624	23265	5.0
488	31727	3.0
514	37166	4.0
734	30926	5.0
181	28691	5.0
501	24263	5.0
408	38098	4.0
218	25422	5.0
976	24684	3.0
809	29914	4.0
155	23529	4.0
70	37476	5.0
86	33432	3.0
569	23013	5.0
289	28864	5.0
892	30462	3.0
217	35549	4.0
651	29685	5.0
704	25572	5.0
388	38838	5.0
848	34878	4.0
340	29717	5.0
918	20595	3.0
26	21973	5.0
343	25331	5.0
574	41272	5.0
438	21575	4.0
565	29684	1.0
319	28959	4.0
604	37663	3.0
977	21127	5.0
102	29335	4.0
531	35150	5.0
380	38223	4.0
233	21294	4.0
676	22709	5.0
445	21246	3.0
538	27108	4.0
14	23927	5.0
388	38960	4.0
611	25591	4.0
105	24678	5.0
478	37287	4.0
93	28534	2.0
601	29768	4.0
468	40356	5.0
420	21421	5.0
891	33362	5.0
283	21954	4.0
347	43185	5.0
926	35882	5.0
227	22621	5.0
264	34178	4.0
354	40759	5.0
377	23824	5.0
515	23241	5.0
367	35775	4.0
282	26173	5.0
175	32579	5.0
998	25404	5.0
97	37254	4.0
953	31969	5.0
567	22440	4.0
131	35117	4.0
848	23105	3.0
649	32116	3.0
188	27493	5.0
196	34586	5.0
882	22005	5.0
658	24966	5.0
514	42439	3.0
983	41075	3.0
151	41225	4.0
340	25040	5.0
362	29216	5.0
362	22571	5.0
49	24317	5.0
889	39477	3.0
866	31793	5.0
322	22305	4.0
776	38980	5.0
882	39085	4.0
93	24533	4.0
531	39032	5.0
438	25358	4.0
60	36102	5.0
180	28690	4.0
618	25486	5.0
514	40745	1.0
866	28148	3.0
200	39151	1.0
622	33540	5.0
520	21098	4.0
227	25262	4.0
227	23413	5.0
811	37959	4.0
505	30096	4.0
971	29647	5.0
439	33482	4.0
604	37857	4.0
414	21657	5.0
137	24579	5.0
328	39612	5.0
845	42493	5.0
514	40146	4.0
869	24382	3.0
665	24090	5.0
834	41065	2.0
570	34525	4.0
693	37877	3.0
882	38065	3.0
925	23221	3.0
397	23670	4.0
741	24149	5.0
319	30238	3.0
378	36381	4.0
392	24377	5.0
992	23481	3.0
81	24541	5.0
856	21723	5.0
87	35338	3.0
741	26450	5.0
758	28874	5.0
997	23930	5.0
902	23492	5.0
594	25295	5.0
19	31025	5.0
742	22914	5.0
866	34296	2.0
27	25216	3.0
180	36363	2.0
388	29753	3.0
52	31938	5.0
684	37849	5.0
610	30158	4.0
741	38464	5.0
81	22616	5.0
416	24626	5.0
669	23335	5.0
839	24646	5.0
643	34456	2.0
570	28468	5.0
598	34661	3.0
913	40027	4.0
570	23465	4.0
759	33102	1.0
710	32939	4.0
0	24395	5.0
669	23370	5.0
584	21254	4.0
463	25224	5.0
491	25105	5.0
442	30387	4.0
106	36980	4.0
538	23528	5.0
109	26078	5.0
141	20937	4.0
190	30403	4.0
444	35746	5.0
64	41845	4.0
813	35021	5.0
142	34321	3.0
184	40755	3.0
514	38559	4.0
326	30273	4.0
608	21492	5.0
154	25503	5.0
225	42093	5.0
81	21069	5.0
505	22422	5.0
202	20490	5.0
261	21580	5.0
887	41871	4.0
676	23370	4.0
266	23799	5.0
791	24243	3.0
479	34048	5.0
542	35000	4.0
346	42477	5.0
291	38662	4.0
211	23869	5.0
741	25083	5.0
289	24121	4.0
598	34101	5.0
107	30364	4.0
514	39502	5.0
403	24108	3.0
385	24628	5.0
143	33990	5.0
458	41551	5.0
505	20261	4.0
882	23850	4.0
169	41096	5.0
440	24622	5.0
744	36398	1.0
89	33738	5.0
662	39012	4.0
842	36618	4.0
891	37202	4.0
678	22619	5.0
693	37177	5.0
951	43757	5.0
648	41095	4.0
938	40675	5.0
450	26395	5.0
813	36103	5.0
951	43866	5.0
19	31876	3.0
469	40572	3.0
848	29353	4.0
478	39996	5.0
354	43943	5.0
734	33781	5.0
873	22814	4.0
848	24589	5.0
340	23246	5.0
501	31501	3.0
555	23958	3.0
633	24131	5.0
403	24268	5.0
728	36075	4.0
952	24137	5.0
26	34952	5.0
675	41756	4.0
227	40447	4.0
522	23023	5.0
973	34352	5.0
